Curve,File,Unit,Min,Max,Mean,Std,Count,Range
GR,Downing_'B'_1-1.las,GAPI,0.0,640.8046,77.60330343836372,31.062649091913144,9045,640.8046
GR,Downing_1-6.las,GAPI,0.0,306.6435,85.0697563301729,31.953409832866566,8965,306.6435
GR,Ladenburger_'A'_1-6.las,NO_UNIT,0.0,851.6521,90.53662661584356,41.248814870142716,9051,851.6521
GR,Ladenburger_'B'_1-6.las,NO_UNIT,0.0,309.5785,92.52925191861108,35.38973464739319,9043,309.5785
GR,Ladenburger_1-6.las,Unknown,0.0,2140.5166,92.36907333186281,50.37990227228215,9067,2140.5166
GR,Mary_Ann_1-1.las,Unknown,0.0,1133.4067,80.56344525440862,38.39606216969172,8903,1133.4067
GR,Mary_Ann_2-1.las,Unknown,0.0,1252.3125,85.27692315130831,45.93025715444962,8790,1252.3125
GR,Mary_Ann_3-1.las,Unknown,0.0,410.1025,85.25048864353312,33.15475073930871,8876,410.1025
GR,Mary_Ann_4-1.las,GAPI,0.0,431.3031,86.36934187737751,33.17182292387973,8938,431.3031
GR,Mary_Ann_5-1.las,Unknown,0.0,783.985,100.9384159204533,41.224118479984334,9001,783.985
GR,Mary_Ann_6-1.las,GAPI,0.0,621.2084,93.72905757103065,38.169607192115315,8975,621.2084
GR,Mary_Ann_7-1.las,GAPI,0.0,1400.3682,79.9941084676075,50.149043042442315,8999,1400.3682
GR,Mary_Ann_8-1.las,GAPI,0.0,1086.8478,87.34942925383153,41.22657416722087,8939,1086.8478
GR,Schwerdt_1-2.las,GAPI,0.0,322.554,84.28469877442478,32.384846152831464,8649,322.554
GR,Schwerdt_3-2.las,NO_UNIT,0.0,575.5428,88.09804640682096,34.277136252713895,8210,575.5428
GR,Walter_'A'_2-1.las,GAPI,0.0,1256.2064,86.7332592308535,49.94750059142173,9127,1256.2064
GR,Walter_1-1.las,GAPI,0.0,1233.3043,84.76029281270827,40.70347255332556,9002,1233.3043
GR,Walter_2-1.las,GAPI,0.0,709.3192,87.76865327283042,39.26566009779051,8815,709.3192
GR,Walter_3-1.las,Unknown,0.0,1154.3147,82.92517742331287,46.866716215945786,8965,1154.3147
GR,Walter_4-1.las,Unknown,0.0,362.5937,84.24380082495198,32.42547376302568,8849,362.5937
GR,Walter_5-1.las,GAPI,0.0,512.2683,85.92238500280426,36.02484401481764,8915,512.2683
GR,Walter_6-1.las,GAPI,0.0,357.956,87.7074060866614,32.64803207222686,8839,357.956
GR,Walter_7-1.las,GAPI,0.0,315.7597,88.05773844265953,31.698953599708737,8964,315.7597
GR,Walter_8-1.las,Unknown,0.0,841.8207,93.63160600356429,43.44371652912828,8978,841.8207
GR,Walter_Bros._1-6.las,Unknown,0.0,739.0234,92.27303658025372,40.636936835159815,9065,739.0234
SP,Downing_'B'_1-1.las,MV,-499.625,205.5732,-108.31701082389178,41.05680187849362,9091,705.1982
SP,Downing_1-6.las,MV,-499.625,70.4922,-70.65149183129854,35.40852696460229,9010,570.1172
SP,Ladenburger_'A'_1-6.las,MV,-499.625,118.7783,-32.19107592511014,46.66531132573271,9080,618.4033
SP,Ladenburger_'B'_1-6.las,MV,-499.625,155.2964,-68.65226160184574,50.17658965201246,9102,654.9214
SP,Ladenburger_1-6.las,mV,-499.625,211.2545,-74.8697362349067,58.2314142960227,9110,710.8795
SP,Mary_Ann_1-1.las,mV,-499.625,119.7406,-90.26373781127862,46.52766125319801,8955,619.3656
SP,Mary_Ann_2-1.las,mV,-499.625,184.0964,-77.10899758913412,26.358627461463403,8835,683.7214
SP,Mary_Ann_3-1.las,mV,-499.625,100.2521,-35.23989100783874,41.942216282178904,8930,599.8771
SP,Mary_Ann_4-1.las,MV,-499.625,271.3827,-111.42933918076582,85.56472382977599,8984,771.0077
SP,Mary_Ann_5-1.las,mV,-499.625,104.3079,-48.08522016137947,48.82478588748719,9047,603.9329
SP,Mary_Ann_6-1.las,MV,-999.0,117.1611,-48.91356098937583,38.93947912071064,9036,1116.1611
SP,Mary_Ann_7-1.las,MV,-499.625,24.0271,-89.37138516349978,37.33671670655718,9052,523.6521
SP,Mary_Ann_8-1.las,MV,-499.625,49.897,-54.30870528894333,25.87567289201641,8981,549.522
SP,Schwerdt_1-2.las,MV,-156.2421,0.0529,-98.04592691064418,28.457567661855283,8662,156.295
SP,Schwerdt_3-2.las,MV,-150.7297,4.4054,-90.11003236973157,24.226964420806787,8233,155.13510000000002
SP,Walter_'A'_2-1.las,MV,-499.625,171.3447,-44.60171719891009,24.29572660713021,9175,670.9697
SP,Walter_1-1.las,MV,-499.625,137.1987,-69.23012808045087,30.40269034724395,9049,636.8237
SP,Walter_2-1.las,MV,-499.625,436.2991,-25.84353964156898,97.69724637397226,8872,935.9241
SP,Walter_3-1.las,mV,-499.625,242.9332,-100.80545047164577,54.61678113252641,9011,742.5581999999999
SP,Walter_4-1.las,mV,-499.625,113.1502,-117.21285709311468,42.6130342824187,8903,612.7752
SP,Walter_5-1.las,MV,-269.4304,167.7142,-44.79799449643494,33.25873417714027,8976,437.1446
SP,Walter_6-1.las,MV,-499.625,0.0,-94.48071609273015,31.955781128397845,8886,499.625
SP,Walter_7-1.las,MV,-275.2774,24.6186,-127.15118512689791,45.39677691079647,9023,299.896
SP,Walter_8-1.las,mV,-499.625,106.565,-64.23914221951489,32.67474742101141,9029,606.19
SP,Walter_Bros._1-6.las,mV,-186.1938,337.5613,-35.954458251150555,69.54606290094856,9126,523.7551000000001
MN,Downing_'B'_1-1.las,OHM-M,-0.9996,209.255,21.703037931034483,26.588535405202,2059,210.25459999999998
MN,Downing_1-6.las,OHM-M,-1.8446,109.9027,13.014357816257817,12.029384318982851,2079,111.7473
MN,Ladenburger_'A'_1-6.las,NO_UNIT,-1.9996,162.3566,13.97198344660194,16.93016974877748,2060,164.35619999999997
MN,Ladenburger_'B'_1-6.las,NO_UNIT,-0.3825,100.7222,12.173834854368932,12.373965475927095,2060,101.1047
MN,Ladenburger_1-6.las,Unknown,-1.9676,217.1604,16.036041655716165,20.45902007443911,2283,219.12800000000001
MN,Mary_Ann_1-1.las,Unknown,0.0,111.3932,11.808950208116547,12.345408209287209,1922,111.3932
MN,Mary_Ann_2-1.las,Unknown,-499.625,171.5973,9.811319464668093,21.10428141372261,4670,671.2223
MN,Mary_Ann_3-1.las,Unknown,-2.2398,98.5504,12.94040324427481,13.352476504057279,2096,100.7902
MN,Mary_Ann_4-1.las,OHM-M,-2.0386,113.5878,9.768427427184466,11.746352597391367,2060,115.6264
MN,Mary_Ann_5-1.las,Unknown,0.0,174.8149,14.853176846846848,18.15198257558614,2220,174.8149
MN,Mary_Ann_6-1.las,OHM-M,-0.6964,150.1085,14.212151054216866,16.68929229727235,1992,150.8049
MN,Mary_Ann_7-1.las,OHM-M,-1.9772,178.9236,16.48560272412085,24.628726128710728,2019,180.9008
MN,Mary_Ann_8-1.las,OHM-M,0.0,127.8646,13.616629694727104,16.430620931951665,2162,127.8646
MN,Schwerdt_1-2.las,OHM-M,-0.7492,108.043,10.237960693381359,10.199336307607764,2221,108.79220000000001
MN,Schwerdt_3-2.las,NO_UNIT,0.0,114.7549,10.597274158523344,12.164074392527954,1842,114.7549
MN,Walter_'A'_2-1.las,OHM-M,-2.3989,229.811,16.320830673854445,21.52977671135416,1855,232.2099
MN,Walter_1-1.las,OHM-M,0.0,105.751,12.22531335972291,11.689903308398776,2021,105.751
MN,Walter_2-1.las,OHM-M,-1.6758,64.7146,10.172787806072478,9.132017247952302,2042,66.3904
MN,Walter_3-1.las,Unknown,-0.9975,149.204,15.714786404494381,18.18264192290244,1780,150.2015
MN,Walter_4-1.las,Unknown,-1.1852,94.9837,12.473672025254979,12.350368213514422,2059,96.1689
MN,Walter_5-1.las,OHM-M,-3.5967,103.6508,10.753964899361806,11.34075730853132,2037,107.2475
MN,Walter_6-1.las,OHM-M,-1.2293,120.6523,10.602908731019525,12.345400959934679,1844,121.88159999999999
MN,Walter_7-1.las,OHM-M,-2.0421,82.4742,9.860244259818732,11.563516375409792,1986,84.5163
MN,Walter_8-1.las,Unknown,-0.5999,188.6701,16.730733400000002,25.175107081079208,2000,189.26999999999998
MN,Walter_Bros._1-6.las,Unknown,-1.5951,68.9934,10.796455990453461,9.489796067058506,2095,70.5885
MI,Downing_'B'_1-1.las,OHM-M,0.0,201.7936,22.61433467702768,24.061415890971226,2059,201.7936
MI,Downing_1-6.las,OHM-M,0.0,80.0391,13.802909716209715,11.24239651316748,2079,80.0391
MI,Ladenburger_'A'_1-6.las,NO_UNIT,-0.9997,166.3839,16.132014563106793,17.383461261504976,2060,167.3836
MI,Ladenburger_'B'_1-6.las,NO_UNIT,-0.4727,83.819,14.527971650485439,12.756483513969547,2060,84.2917
MI,Ladenburger_1-6.las,Unknown,-0.9471,143.7761,15.589061717038982,15.337583142624892,2283,144.72320000000002
MI,Mary_Ann_1-1.las,Unknown,0.0,102.6295,13.585626638917795,13.46193582002393,1922,102.6295
MI,Mary_Ann_2-1.las,Unknown,-499.625,156.9993,10.377875053533192,20.474832709405728,4670,656.6243
MI,Mary_Ann_3-1.las,Unknown,0.0,98.7557,14.81388540076336,13.741417020373888,2096,98.7557
MI,Mary_Ann_4-1.las,OHM-M,0.0,98.5302,10.251639611650486,10.493230254877547,2060,98.5302
MI,Mary_Ann_5-1.las,Unknown,0.0,193.0953,18.41266400900901,20.83644985342976,2220,193.0953
MI,Mary_Ann_6-1.las,OHM-M,0.0,141.7117,15.760154066265061,15.69136545436257,1992,141.7117
MI,Mary_Ann_7-1.las,OHM-M,-0.5702,150.1108,18.418576919266965,23.34444450407199,2019,150.681
MI,Mary_Ann_8-1.las,OHM-M,0.0,157.557,17.522052728954673,20.458756105417702,2162,157.557
MI,Schwerdt_1-2.las,OHM-M,0.0,87.8893,11.350351508329583,9.384209225302081,2221,87.8893
MI,Schwerdt_3-2.las,NO_UNIT,0.0,120.6861,11.832742833876223,13.09735726488078,1842,120.6861
MI,Walter_'A'_2-1.las,OHM-M,-0.5991,160.0881,16.983303881401618,19.00445007854955,1855,160.6872
MI,Walter_1-1.las,OHM-M,0.0,101.8969,12.236000346363188,10.741398171069058,2021,101.8969
MI,Walter_2-1.las,OHM-M,0.0,142.5586,17.317462144955925,21.40059583683476,2042,142.5586
MI,Walter_3-1.las,Unknown,0.0,131.775,17.231369438202247,18.380217532254882,1780,131.775
MI,Walter_4-1.las,Unknown,0.0,88.4953,13.406066148615833,12.646815740141665,2059,88.4953
MI,Walter_5-1.las,OHM-M,0.0,104.9296,12.20583613156603,11.45164758174411,2037,104.9296
MI,Walter_6-1.las,OHM-M,0.0,107.0774,12.214697668112798,13.256626901479597,1844,107.0774
MI,Walter_7-1.las,OHM-M,0.0,78.3987,11.301019637462236,11.663941579960532,1986,78.3987
MI,Walter_8-1.las,Unknown,0.0,113.9212,14.069809750000001,15.991081358425074,2000,113.9212
MI,Walter_Bros._1-6.las,Unknown,-1.2948,153.9535,17.44214014319809,18.882870226824874,2095,155.2483
RILM,Downing_'B'_1-1.las,OHM-M,-499.625,100000.0,1861.893435564116,13470.937591234338,9085,100499.625
RILM,Downing_1-6.las,OHM-M,-499.625,100000.0,5281.228344765183,22348.999586929844,9007,100499.625
RILM,Ladenburger_'A'_1-6.las,NO_UNIT,-499.625,106.6192,6.819222327529204,13.02979195678102,9074,606.2442
RILM,Ladenburger_'B'_1-6.las,NO_UNIT,-499.625,100000.0,1612.156546690853,12523.248526172962,9096,100499.625
RILM,Ladenburger_1-6.las,Unknown,-499.625,100000.0,5619.619160775484,23015.478927460594,9104,100499.625
RILM,Mary_Ann_1-1.las,Unknown,-499.625,100000.0,3217.0131469773155,17617.075640828658,8949,100499.625
RILM,Mary_Ann_2-1.las,Unknown,-499.625,100000.0,2483.322892970342,15480.481983185766,8834,100499.625
RILM,Mary_Ann_3-1.las,Unknown,-499.625,100000.0,5220.856129038763,22219.91922734897,8926,100499.625
RILM,Mary_Ann_4-1.las,OHM-M,-499.625,100000.0,2343.301216044984,15074.392274985139,8981,100499.625
RILM,Mary_Ann_5-1.las,Unknown,-499.625,100000.0,1930.933621059031,13696.433165032453,9046,100499.625
RILM,Mary_Ann_6-1.las,OHM-M,-499.625,100000.0,2762.9211759056166,16350.94444840134,9027,100499.625
RILM,Mary_Ann_7-1.las,OHM-M,-499.625,100000.0,1358.1683500442182,11533.79420469237,9046,100499.625
RILM,Mary_Ann_8-1.las,OHM-M,-499.625,100000.0,924.7486273537604,9464.04545971876,8975,100499.625
RILM,Walter_'A'_2-1.las,OHM-M,-499.625,100000.0,1181.0412610535502,10738.835441875779,9169,100499.625
RILM,Walter_1-1.las,OHM-M,-499.625,100000.0,1270.6180318367801,11155.78614977553,9043,100499.625
RILM,Walter_2-1.las,OHM-M,-499.625,100000.0,419.279964471013,6359.846742527144,8866,100499.625
RILM,Walter_3-1.las,Unknown,-499.625,100000.0,2368.3473458411995,15161.793908887588,9005,100499.625
RILM,Walter_4-1.las,Unknown,-499.625,100000.0,2363.001141319249,15118.524288390985,8899,100499.625
RILM,Walter_5-1.las,OHM-M,0.0,100000.0,2856.504170771116,16613.9451011782,8974,100000.0
RILM,Walter_6-1.las,OHM-M,-499.625,100000.0,1631.1613409096026,12527.789783167967,8883,100499.625
RILM,Walter_7-1.las,OHM-M,-499.625,100000.0,4607.632141819995,20924.363746856932,9022,100499.625
RILM,Walter_8-1.las,Unknown,-499.625,100000.0,5699.443771107171,23153.945500591264,9023,100499.625
RILM,Walter_Bros._1-6.las,Unknown,-499.625,100000.0,5767.658943357103,23296.12607044212,9115,100499.625
RILD,Downing_'B'_1-1.las,OHM-M,0.0,100000.0,3259.131284960422,17643.617711310475,9096,100000.0
RILD,Downing_1-6.las,OHM-M,0.0,100000.0,152.4786018413755,3794.5966627758303,9015,100000.0
RILD,Ladenburger_'A'_1-6.las,NO_UNIT,-499.625,100000.0,352.7664990647007,5830.9787456312415,9088,100499.625
RILD,Ladenburger_'B'_1-6.las,NO_UNIT,0.0,100000.0,257.590484473482,4934.5912520705815,9107,100000.0
RILD,Ladenburger_1-6.las,Unknown,0.0,100000.0,30.157481086121777,1481.2384366849326,9115,100000.0
RILD,Mary_Ann_1-1.las,Unknown,0.0,100000.0,1544.9452210913958,12267.992067285259,8961,100000.0
RILD,Mary_Ann_2-1.las,Unknown,0.0,100000.0,267.9946801040018,5092.056040209682,8846,100000.0
RILD,Mary_Ann_3-1.las,Unknown,0.0,100000.0,549.6930767681289,7317.442981521372,8936,100000.0
RILD,Mary_Ann_4-1.las,OHM-M,-499.625,100000.0,175.1887536981426,4080.9307602026415,8991,100499.625
RILD,Mary_Ann_5-1.las,Unknown,0.0,100000.0,443.68210123661254,6467.571605119061,9057,100000.0
RILD,Mary_Ann_6-1.las,OHM-M,0.0,100000.0,3639.9446495683933,18628.603570078427,9036,100000.0
RILD,Mary_Ann_7-1.las,OHM-M,0.0,100000.0,3896.7995447891362,19324.515595592344,9058,100000.0
RILD,Mary_Ann_8-1.las,OHM-M,0.0,100000.0,780.1745189162124,8727.841659916074,8987,100000.0
RILD,Walter_'A'_2-1.las,OHM-M,-499.625,100000.0,900.2316504138532,9290.675185512542,9182,100499.625
RILD,Walter_1-1.las,OHM-M,0.0,100000.0,1989.1104179237987,13881.764215587242,9055,100000.0
RILD,Walter_2-1.las,OHM-M,0.0,100000.0,802.0052168882379,8794.598470640089,8876,100000.0
RILD,Walter_3-1.las,Unknown,0.0,100000.0,4567.942185039371,20855.286508317025,9017,100000.0
RILD,Walter_4-1.las,Unknown,0.0,100000.0,267.12392701762263,5074.2316927054735,8909,100000.0
RILD,Walter_5-1.las,OHM-M,0.0,100000.0,429.6457965574866,6432.2722992598165,8976,100000.0
RILD,Walter_6-1.las,OHM-M,-241.4203,100000.0,357.4262451253795,5893.462446795601,8893,100241.4203
RILD,Walter_7-1.las,OHM-M,0.0,100000.0,396.25034249944605,6211.486388690279,9026,100000.0
RILD,Walter_8-1.las,Unknown,0.0,100000.0,578.1357610736027,7493.040339088537,9035,100000.0
RILD,Walter_Bros._1-6.las,Unknown,0.0,100000.0,261.9599862042516,5013.704007101967,9126,100000.0
RLL3,Downing_'B'_1-1.las,OHM-M,0.0,44800.9336,83.65993196035242,1452.7565996186102,9080,44800.9336
RLL3,Downing_1-6.las,OHM-M,0.0,100000.0,689.5861396865969,7748.751203608249,8998,100000.0
RLL3,Ladenburger_'A'_1-6.las,NO_UNIT,0.0,100000.0,454.1145104735683,6061.961220443252,9080,100000.0
RLL3,Ladenburger_'B'_1-6.las,NO_UNIT,0.0,29482.3574,55.0780319092711,834.6205654035132,9082,29482.3574
RLL3,Ladenburger_1-6.las,Unknown,0.0,100000.0,386.4077200989011,5631.480584717825,9100,100000.0
RLL3,Mary_Ann_1-1.las,Unknown,0.0,33746.6758,60.172426672633684,801.0671166795071,8938,33746.6758
RLL3,Mary_Ann_2-1.las,Unknown,0.0,100000.0,507.2831435112774,6807.269800936736,8823,100000.0
RLL3,Mary_Ann_3-1.las,Unknown,0.0,100000.0,668.0946279155911,7828.443884343564,8909,100000.0
RLL3,Mary_Ann_4-1.las,OHM-M,0.0,100000.0,314.6272279901906,5277.304670789233,8971,100000.0
RLL3,Mary_Ann_5-1.las,Unknown,0.0,100000.0,183.0017982067744,3750.678049399286,9034,100000.0
RLL3,Mary_Ann_6-1.las,OHM-M,0.0,37840.5156,77.07590267361881,1351.8125220732632,9014,37840.5156
RLL3,Mary_Ann_7-1.las,OHM-M,0.0,37988.4844,194.63718197918973,2187.5079090544946,9034,37988.4844
RLL3,Mary_Ann_8-1.las,OHM-M,0.0,46536.5703,118.65740829246546,1679.2637153909327,8972,46536.5703
RLL3,Walter_'A'_2-1.las,OHM-M,0.0,100000.0,936.8951920091573,9430.143131652161,9173,100000.0
RLL3,Walter_1-1.las,OHM-M,0.0,41463.1875,237.369840179263,2641.9575665437646,9037,41463.1875
RLL3,Walter_2-1.las,OHM-M,0.0,100000.0,526.1860580696203,6761.522830892687,8848,100000.0
RLL3,Walter_3-1.las,Unknown,0.0,39407.7773,176.39938642222222,1816.089445301425,9000,39407.7773
RLL3,Walter_4-1.las,Unknown,0.0,100000.0,655.3309651880207,7815.117726860736,8882,100000.0
RLL3,Walter_5-1.las,OHM-M,0.0,100000.0,322.6484066048279,5328.768009312542,8948,100000.0
RLL3,Walter_6-1.las,OHM-M,0.0,100000.0,733.0940459310191,8255.477089966847,8872,100000.0
RLL3,Walter_7-1.las,OHM-M,0.0,100000.0,666.1294855396242,7828.200159531812,8997,100000.0
RLL3,Walter_8-1.las,Unknown,0.0,100000.0,628.2599824103874,7398.093469056741,9011,100000.0
RLL3,Walter_Bros._1-6.las,Unknown,0.0,100000.0,336.46456460828483,5020.091712246555,9101,100000.0
RXORT,Downing_'B'_1-1.las,NO_UNIT,-400.5764,475.8408,5.741210751978889,91.73229945185224,9096,876.4172
RXORT,Downing_1-6.las,NO_UNIT,-439.8655,318.1582,-14.963679523017197,47.20246476599517,9015,758.0237
RXORT,Ladenburger_'A'_1-6.las,NO_UNIT,-511.0262,391.952,-9.848391153169013,48.241269369661566,9088,902.9782
RXORT,Ladenburger_'B'_1-6.las,NO_UNIT,-334.545,477.8208,-5.131131624025473,48.23361053457395,9107,812.3658
RXORT,Ladenburger_1-6.las,Unknown,-485.3209,330.5927,-9.4433023916621,47.095399855652325,9115,815.9136
RXORT,Mary_Ann_1-1.las,Unknown,-359.0508,483.784,1.0019268050440797,73.21909239013212,8961,842.8348
RXORT,Mary_Ann_2-1.las,Unknown,-469.829,475.0133,-16.45068097445173,47.33496472416806,8846,944.8423
RXORT,Mary_Ann_3-1.las,Unknown,-484.6512,343.6751,-12.401360955684869,49.25748458546764,8936,828.3263
RXORT,Mary_Ann_4-1.las,NO_UNIT,-499.625,284.7502,-13.598381948615282,41.671695477940304,8991,784.3752
RXORT,Mary_Ann_5-1.las,Unknown,-472.4907,465.1551,-7.538448029148726,55.86208929833645,9057,937.6458
RXORT,Mary_Ann_6-1.las,NO_UNIT,-402.8488,475.7649,7.101314187693673,96.31580472701077,9036,878.6137
RXORT,Mary_Ann_7-1.las,NO_UNIT,-376.6125,480.9372,4.937003035990286,95.07788134869838,9058,857.5497
RXORT,Mary_Ann_8-1.las,NO_UNIT,-378.9936,474.3726,-5.407671102703907,55.580844981789696,8987,853.3661999999999
RXORT,Walter_'A'_2-1.las,NO_UNIT,-499.625,481.3893,-7.418351067305597,67.77701280463612,9182,981.0143
RXORT,Walter_1-1.las,NO_UNIT,-412.2402,487.1415,3.160247575924904,83.38133226422532,9055,899.3817
RXORT,Walter_2-1.las,NO_UNIT,-499.625,397.4325,-8.726995432447712,48.87560632609552,8845,897.0575
RXORT,Walter_3-1.las,Unknown,-357.5177,478.1735,7.123262171453921,100.79153167531447,9017,835.6912
RXORT,Walter_4-1.las,Unknown,-481.7369,350.7716,-11.82129098664272,47.71759557033156,8909,832.5084999999999
RXORT,Walter_5-1.las,NO_UNIT,-419.9622,342.4761,-10.599232754010696,42.747853447121095,8976,762.4383
RXORT,Walter_6-1.las,NO_UNIT,-500.1071,314.6215,-17.417253648937365,43.321553417389566,8893,814.7286
RXORT,Walter_7-1.las,NO_UNIT,-449.439,418.8443,-16.18756941828255,43.43846358767938,9025,868.2833
RXORT,Walter_8-1.las,Unknown,-500.0672,468.3274,-9.756385478693968,47.862764098616786,9035,968.3946000000001
RXORT,Walter_Bros._1-6.las,Unknown,-475.7787,475.2986,-8.476433837387686,50.057018606001925,9126,951.0773
RHOB,Downing_'B'_1-1.las,G/CC,-0.8043,4.3526,2.383783877011241,0.2093141355706852,9074,5.1569
RHOB,Downing_1-6.las,G/CC,-0.663,4.0324,2.31285706183274,0.3068203769673268,8992,4.6954
RHOB,Ladenburger_'A'_1-6.las,NO_UNIT,-0.9429,4.2515,2.3495055078211062,0.2581445575688211,9078,5.1944
RHOB,Ladenburger_'B'_1-6.las,NO_UNIT,-0.0241,4.4228,2.3346806302335827,0.21854006284271502,9076,4.446899999999999
RHOB,Ladenburger_1-6.las,Unknown,-1.5401,4.1041,2.3114359577743566,0.2443865425142386,9094,5.6442
RHOB,Mary_Ann_1-1.las,Unknown,-1.2443,4.1615,2.3299786274070757,0.22905579525255146,8932,5.4058
RHOB,Mary_Ann_2-1.las,Unknown,-1.2019,4.0325,2.334911693319723,0.24222070763746648,8817,5.2344
RHOB,Mary_Ann_3-1.las,Unknown,-0.6153,4.0157,2.340191025497023,0.2638956654842317,8903,4.631
RHOB,Mary_Ann_4-1.las,G/CC,-1.4126,4.0095,2.350698460680424,0.2524850383928578,8965,5.4221
RHOB,Mary_Ann_5-1.las,Unknown,-0.6665,4.339,2.3641954031900756,0.2212952577261264,9028,5.0055000000000005
RHOB,Mary_Ann_6-1.las,G/CC,-0.4491,4.3335,2.3650518095026642,0.228129464133188,9008,4.7825999999999995
RHOB,Mary_Ann_7-1.las,G/CC,-1.291,4.4416,2.3730994904740808,0.29621548450155494,9028,5.7326
RHOB,Mary_Ann_8-1.las,G/CC,-1.4061,4.1825,2.361059870622351,0.222993572267283,8966,5.5886
RHOB,Walter_'A'_2-1.las,G/CC,-1.3213,3.5924,2.295818097523726,0.33058630180277215,9167,4.9137
RHOB,Walter_1-1.las,G/CC,0.0,4.3904,2.348834536596169,0.20586700244856676,9031,4.3904
RHOB,Walter_2-1.las,G/CC,-0.9557,3.9786,2.343532865867451,0.24160838743817886,8842,4.9343
RHOB,Walter_3-1.las,Unknown,-0.6879,4.3236,2.317836346453191,0.27134708772272503,8994,5.0115
RHOB,Walter_4-1.las,Unknown,-0.2837,4.044,2.3329973298783235,0.24061510917773737,8876,4.327699999999999
RHOB,Walter_5-1.las,G/CC,-1.017,3.826,2.3444894878103333,0.30712518916512016,8942,4.843
RHOB,Walter_6-1.las,G/CC,-0.9215,4.1181,2.2161955334987593,0.3730217488579432,8866,5.0396
RHOB,Walter_7-1.las,G/CC,-0.6174,4.1808,2.3474534200867536,0.2566342990940775,8991,4.7982
RHOB,Walter_8-1.las,Unknown,-1.5465,4.1183,2.3256625874514154,0.28730419008769215,9005,5.6648
RHOB,Walter_Bros._1-6.las,Unknown,-0.2891,3.9421,2.314251995601979,0.21978046128425005,9095,4.2312
RHOC,Downing_'B'_1-1.las,G/CC,-2.9555,0.4867,0.13280335023143047,0.10441109444380285,9074,3.4421999999999997
RHOC,Downing_1-6.las,G/CC,-3.4767,0.3958,0.06807626779359431,0.13589239634628614,8992,3.8725
RHOC,Ladenburger_'A'_1-6.las,NO_UNIT,-3.4832,0.3155,0.07059301608283763,0.13207041379073717,9078,3.7987
RHOC,Ladenburger_'B'_1-6.las,NO_UNIT,-2.6496,0.3784,0.08823284486557956,0.09922507411249198,9076,3.028
RHOC,Ladenburger_1-6.las,Unknown,-3.4104,0.3087,0.06668633164723994,0.1321512058537556,9094,3.7191
RHOC,Mary_Ann_1-1.las,Unknown,-2.8665,0.6137,0.061045678459471564,0.12537431946058458,8932,3.4802
RHOC,Mary_Ann_2-1.las,Unknown,-3.3463,0.557,0.06315016445503005,0.1321186750654088,8817,3.9032999999999998
RHOC,Mary_Ann_3-1.las,Unknown,-3.5924,0.5825,0.08505330787375043,0.12223790007325518,8903,4.1749
RHOC,Mary_Ann_4-1.las,G/CC,-3.4341,0.3282,0.06565176798661462,0.14499895311446892,8965,3.7622999999999998
RHOC,Mary_Ann_5-1.las,Unknown,-3.0396,0.2944,0.0617620292423571,0.09141295025829302,9028,3.334
RHOC,Mary_Ann_6-1.las,G/CC,-2.8789,0.4574,0.12409103019538187,0.10937617452058526,9008,3.3362999999999996
RHOC,Mary_Ann_7-1.las,G/CC,-2.8346,0.3905,0.07448104785112981,0.14235923681646306,9028,3.2251
RHOC,Mary_Ann_8-1.las,G/CC,-3.4333,0.4752,0.062371347312067796,0.11030792284214823,8966,3.9085
RHOC,Walter_'A'_2-1.las,G/CC,-3.554,0.3708,0.06583400239991272,0.1803441110398743,9167,3.9248
RHOC,Walter_1-1.las,G/CC,-2.7916,0.6798,0.12845210940095228,0.08865784962053493,9031,3.4714
RHOC,Walter_2-1.las,G/CC,-3.2466,0.6116,0.0619919701425017,0.13017288423768508,8842,3.8582
RHOC,Walter_3-1.las,Unknown,-2.9979,0.5592,0.0639747053591283,0.15081987374251132,8994,3.5571
RHOC,Walter_4-1.las,Unknown,-3.0151,0.5468,0.06991009463722397,0.11306924522326275,8876,3.5618999999999996
RHOC,Walter_5-1.las,G/CC,-3.1135,0.3835,0.0719877656005368,0.13431423382801805,8942,3.4970000000000003
RHOC,Walter_6-1.las,G/CC,-3.3021,0.4439,0.10801944507105797,0.12106321752665197,8866,3.746
RHOC,Walter_7-1.las,G/CC,-3.1551,0.4406,0.07182256701145591,0.11713443636209453,8991,3.5957
RHOC,Walter_8-1.las,Unknown,-3.5678,0.3354,0.06000596335369239,0.15911041460765707,9005,3.9032
RHOC,Walter_Bros._1-6.las,Unknown,-3.614,0.4987,0.05396253985706432,0.1343983783539048,9095,4.1127
CILD,Downing_'B'_1-1.las,OHM-M,0.0,1181.0807,230.49299003957785,146.0333088877829,9096,1181.0807
CILD,Downing_1-6.las,OHM-M,0.0,1122.6853,259.78691919023845,144.18176913958828,9015,1122.6853
CILD,Ladenburger_'A'_1-6.las,NO_UNIT,-499.625,1730.2833,286.2982616307218,173.3026565866718,9088,2229.9083
CILD,Ladenburger_'B'_1-6.las,NO_UNIT,0.0,1104.2087,235.5734302294938,137.7616155684431,9107,1104.2087
CILD,Ladenburger_1-6.las,Unknown,0.0,1196.0927,286.8508629072957,164.5991752608476,9115,1196.0927
CILD,Mary_Ann_1-1.las,Unknown,0.0,1087.7123,231.66628622921547,144.1987078211264,8961,1087.7123
CILD,Mary_Ann_2-1.las,Unknown,0.0,1227.5305,260.49629043635537,156.85701875597624,8846,1227.5305
CILD,Mary_Ann_3-1.las,Unknown,0.0,1348.1788,256.6346530998209,159.37838946687,8936,1348.1788
CILD,Mary_Ann_4-1.las,OHM-M,-499.625,1188.7584,261.0004309531754,154.49224329882628,8991,1688.3834
CILD,Mary_Ann_5-1.las,Unknown,0.0,1284.4413,231.36598079938173,148.50752926157548,9057,1284.4413
CILD,Mary_Ann_6-1.las,OHM-M,0.0,1164.2552,227.72280136122177,141.3001555630805,9036,1164.2552
CILD,Mary_Ann_7-1.las,OHM-M,0.0,1333.3895,227.40944805696623,143.14371100647497,9058,1333.3895
CILD,Mary_Ann_8-1.las,OHM-M,0.0,1425.1545,240.135637309447,151.3415861750562,8987,1425.1545
CILD,Walter_'A'_2-1.las,NO_UNIT,-499.625,1191.2181,260.49732351339577,158.2542065747052,9182,1690.8431
CILD,Walter_1-1.las,OHM-M,0.0,1447.2839,231.01561920485918,146.78225897694614,9055,1447.2839
CILD,Walter_2-1.las,OHM-M,0.0,1297.8317,253.83802462821095,151.22027419315958,8876,1297.8317
CILD,Walter_3-1.las,Unknown,0.0,977.8577,223.59010928246644,132.40928078545662,9017,977.8577
CILD,Walter_4-1.las,Unknown,0.0,1269.0378,261.65921216747114,152.43233788778394,8909,1269.0378
CILD,Walter_5-1.las,OHM-M,0.0,1339.5098,259.6180435828877,156.46849459881827,8976,1339.5098
CILD,Walter_6-1.las,OHM-M,-242.3651,1343.526,263.10823165410994,156.29087128190673,8893,1585.8911
CILD,Walter_7-1.las,OHM-M,0.0,1217.8208,265.55960860846443,152.76584242818393,9026,1217.8208
CILD,Walter_8-1.las,Unknown,0.0,1544.9225,281.7337819147759,174.39381622074671,9035,1544.9225
CILD,Walter_Bros._1-6.las,Unknown,0.0,1664.6394,284.26117971729127,172.5929133125019,9126,1664.6394
DPOR,Downing_'B'_1-1.las,PU,-96.0614,205.5171,19.042046506502093,12.025444011140888,9074,301.5785
DPOR,Downing_1-6.las,PU,-77.3329,197.2529,23.189497241992882,17.79990992124813,8992,274.5858
DPOR,Ladenburger_'A'_1-6.las,NO_UNIT,-90.1438,213.6219,21.04661875963869,14.908590458769456,9078,303.76570000000004
DPOR,Ladenburger_'B'_1-6.las,NO_UNIT,-100.1615,159.8908,21.913556092992508,12.61569878541042,9076,260.0523
DPOR,Ladenburger_1-6.las,pu,-9.99,2.4854,0.20805898420359806,0.5209211626280715,9116,12.4754
DPOR,Mary_Ann_1-1.las,pu,-9.99,2.3124,0.185425011155734,0.6230478414635576,8964,12.3024
DPOR,Mary_Ann_2-1.las,pu,-9.99,2.2877,0.1809226779661017,0.6375887176800014,8850,12.2777
DPOR,Mary_Ann_3-1.las,pu,-9.99,1.9446,0.17821658460161147,0.6374591896167401,8936,11.9346
DPOR,Mary_Ann_4-1.las,PU,-75.9944,241.0864,20.97642102621305,14.547499780278889,8965,317.0808
DPOR,Mary_Ann_5-1.las,pu,-9.99,1.9746,0.16811781850298077,0.599239008283679,9058,11.9646
DPOR,Mary_Ann_6-1.las,PU,-94.9431,184.7444,20.137235479573715,13.121635482626012,9008,279.6875
DPOR,Mary_Ann_7-1.las,PU,-101.2643,233.9758,19.666697208684095,17.137817040966834,9028,335.2401
DPOR,Mary_Ann_8-1.las,PU,-86.1125,240.7051,20.370518291322774,12.885148391871157,8966,326.81759999999997
DPOR,Walter_'A'_2-1.las,PU,-51.5996,235.746,24.186559397840078,19.182567502470643,9167,287.3456
DPOR,Walter_1-1.las,PU,-98.2664,158.4795,21.085660668807442,11.897965285084636,9031,256.7459
DPOR,Walter_2-1.las,PU,-74.1881,214.3706,21.39499029631305,13.900879038718388,8842,288.5587
DPOR,Walter_3-1.las,pu,-9.99,1.9871,0.19952768292682924,0.5698742062672155,9020,11.9771
DPOR,Walter_4-1.las,pu,-9.99,1.7507,0.18000997643362138,0.653635157416245,8911,11.7407
DPOR,Walter_5-1.las,PU,-65.2651,217.9547,21.339460489823306,17.777003739993834,8942,283.2198
DPOR,Walter_6-1.las,PU,-82.3461,212.3702,28.841719287164448,21.68669449267202,8866,294.71630000000005
DPOR,Walter_7-1.las,PU,-86.0094,194.5833,21.16628872205539,14.808570865958695,8991,280.59270000000004
DPOR,Walter_8-1.las,pu,-9.99,2.4892,0.18936367861885786,0.6198550881981456,9036,12.4792
DPOR,Walter_Bros._1-6.las,pu,-9.99,1.7538,0.1963633683979838,0.608112205067282,9126,11.7438
SPOR,Downing_'B'_1-1.las,PU,-35.0754,166.8658,38.90439594924921,21.072730527079198,8591,201.9412
SPOR,Downing_1-6.las,PU,-35.4236,89.1623,38.259565640423034,19.456264148769115,8510,124.58590000000001
SPOR,Ladenburger_'A'_1-6.las,NO_UNIT,-35.0694,166.9048,38.6990384472122,20.46109050918846,8591,201.9742
SPOR,Ladenburger_'B'_1-6.las,NO_UNIT,-35.0766,120.7813,38.329335164067956,20.26431423370268,8594,155.8579
SPOR,Ladenburger_1-6.las,pu,-9.99,1.7046,-0.17855831505046066,2.376076012506601,9116,11.6946
SPOR,Mary_Ann_1-1.las,pu,-9.99,1.3576,-0.06918443775100402,2.1832939308348394,8964,11.3476
SPOR,Mary_Ann_2-1.las,pu,-9.99,2.475,-0.0004799887005649783,2.0504552565067766,8850,12.465
SPOR,Mary_Ann_3-1.las,pu,-9.99,1.4756,-0.2056020814682185,2.407971417148392,8936,11.4656
SPOR,Mary_Ann_4-1.las,PU,-35.4248,92.2525,37.98724329289836,19.372942814410056,8491,127.6773
SPOR,Mary_Ann_5-1.las,pu,-9.99,2.1501,-0.19919669905056292,2.410595635381127,9058,12.1401
SPOR,Mary_Ann_6-1.las,PU,-35.069,89.3991,38.16505157771262,19.538502122801003,8525,124.4681
SPOR,Mary_Ann_7-1.las,PU,-35.0762,98.8973,37.68629864786779,20.264404841860678,8653,133.9735
SPOR,Mary_Ann_8-1.las,PU,-35.0773,138.9635,38.217417157671456,19.523582635459135,8486,174.04080000000002
SPOR,Schwerdt_1-2.las,PU,-35.4215,180.4614,38.40417545359991,20.832644093410124,8653,215.8829
SPOR,Walter_'A'_2-1.las,PU,-35.0546,113.2388,37.85765486200071,19.56895180324962,8587,148.2934
SPOR,Walter_1-1.las,PU,-35.0758,149.8524,41.85181421557166,26.11569171883864,8554,184.9282
SPOR,Walter_2-1.las,PU,-35.4288,100.5541,37.98725128358208,19.42998804660455,8375,135.9829
SPOR,Walter_3-1.las,pu,-9.99,0.973,-0.08287930155210649,2.159715322122427,9020,10.963000000000001
SPOR,Walter_4-1.las,pu,-9.99,1.3275,-0.20474356413421604,2.444552660707405,8911,11.3175
SPOR,Walter_5-1.las,PU,-35.4234,161.2047,39.14336389938592,22.242785115013334,8468,196.62810000000002
SPOR,Walter_6-1.las,PU,-35.4288,163.5916,38.88204318074564,20.586151206203674,8476,199.0204
SPOR,Walter_7-1.las,PU,-35.4249,90.3595,39.18011581573451,19.886226743488944,8618,125.7844
SPOR,Walter_8-1.las,pu,-9.99,0.9466,-0.1980543492695882,2.3896050539150235,9036,10.9366
SPOR,Walter_Bros._1-6.las,pu,-9.99,1.2125,-0.17169341442033745,2.3644732364091543,9126,11.2025
DT,Downing_'B'_1-1.las,USEC/FT,-1.9966,283.5482,102.60527419392388,29.811491296979753,8591,285.5448
DT,Downing_1-6.las,USEC/FT,-2.4889,173.6755,101.69343079905993,27.526991069770958,8510,176.1644
DT,Ladenburger_'A'_1-6.las,NO_UNIT,-1.9882,283.6033,102.31489899895239,28.947014994185565,8591,285.5915
DT,Ladenburger_'B'_1-6.las,NO_UNIT,-1.9983,218.3848,101.79213978356994,28.668813283665827,8594,220.3831
DT,Ladenburger_1-6.las,Unknown,-1.962,288.6354,103.02606790481718,31.728375613270302,8615,290.5974
DT,Mary_Ann_1-1.las,Unknown,-1.9867,239.5619,104.87733081239041,35.865062622231754,8555,241.54860000000002
DT,Mary_Ann_2-1.las,Unknown,-499.625,397.5618,105.89952141428402,40.98931864242846,8499,897.1868
DT,Mary_Ann_3-1.las,Unknown,-2.4969,256.2558,101.73987340135247,29.11456306859734,8429,258.7527
DT,Mary_Ann_4-1.las,USEC/FT,-2.4907,178.0451,101.3083557531504,27.409198887919757,8491,180.5358
DT,Mary_Ann_5-1.las,Unknown,-1.987,351.6265,102.71360084269664,30.596525710945397,8544,353.61350000000004
DT,Mary_Ann_6-1.las,USEC/FT,-1.9875,174.0103,101.55979815835778,27.643154851888006,8525,175.9978
DT,Mary_Ann_7-1.las,USEC/FT,-1.9978,187.4408,100.88292483531723,28.668663731760752,8653,189.4386
DT,Mary_Ann_8-1.las,USEC/FT,-1.9993,244.0944,101.63381779401367,27.622157517559366,8486,246.0937
DT,Schwerdt_1-2.las,USEC/FT,-2.486,302.7725,101.89800187218304,29.471940344149083,8653,305.25849999999997
DT,Walter_'A'_2-1.las,USEC/FT,-1.9672,207.7196,101.12518055199722,27.685985060462933,8587,209.6868
DT,Walter_1-1.las,USEC/FT,-1.9972,259.4913,106.77290015197569,36.940090808519514,8554,261.48850000000004
DT,Walter_2-1.las,USEC/FT,-2.4963,189.7835,101.30870159999999,27.48930719343014,8375,192.2798
DT,Walter_3-1.las,Unknown,-1.9972,185.1787,101.901785140469,28.317239913389365,8614,187.17589999999998
DT,Walter_4-1.las,Unknown,-2.4892,235.3029,104.21393449714013,33.91627249935122,8392,237.7921
DT,Walter_5-1.las,USEC/FT,-2.4888,275.5434,102.94383875767596,31.46421898255122,8468,278.03220000000005
DT,Walter_6-1.las,USEC/FT,-2.4964,278.9185,102.57359130486078,29.124012727094257,8476,281.4149
DT,Walter_7-1.las,USEC/FT,-2.4908,175.3683,102.9951605592945,28.134678033045223,8618,177.8591
DT,Walter_8-1.las,Unknown,-1.9653,181.4456,101.5511046067284,26.999754070282243,8531,183.41090000000003
DT,Walter_Bros._1-6.las,Unknown,-1.9967,219.0531,103.27872242438289,28.541423503445202,8629,221.0498
CNLS,Downing_'B'_1-1.las,PU,-50.0,42.5021,26.229173426110002,10.52864478049551,9054,92.5021
CNLS,Downing_1-6.las,PU,-50.0,56.33,23.321128515712058,9.787582119039032,8974,106.33
CNLS,Ladenburger_'A'_1-6.las,NO_UNIT,-5.0961,100.0,28.100861636122765,10.262855381083133,9058,105.0961
CNLS,Ladenburger_'B'_1-6.las,NO_UNIT,-50.0,42.502,26.694871223498232,10.82050928417319,9056,92.50200000000001
CNLS,Ladenburger_1-6.las,pu,-9.99,1.0,0.23352197235629665,0.6958703268743023,9116,10.99
CNLS,Mary_Ann_1-1.las,pu,-9.99,0.425,0.20622452030343594,0.7787865447113135,8964,10.415000000000001
CNLS,Mary_Ann_2-1.las,pu,-9.99,1.0,0.2187737627118644,0.7698177057268739,8850,10.99
CNLS,Mary_Ann_3-1.las,pu,-9.99,0.5402,0.185117927484333,0.7783866393975242,8936,10.5302
CNLS,Mary_Ann_4-1.las,PU,-50.0,54.4211,25.546414340002237,10.674737580597395,8947,104.4211
CNLS,Mary_Ann_5-1.las,pu,-9.99,1.0,0.22509535217487306,0.738483705422447,9058,10.99
CNLS,Mary_Ann_6-1.las,PU,-50.0,42.5021,26.47463119715176,10.584404799446185,8988,92.5021
CNLS,Mary_Ann_7-1.las,PU,-50.0,42.502,25.961542007104793,10.735408770814109,9008,92.50200000000001
CNLS,Mary_Ann_8-1.las,PU,-4.715,100.0,27.855592893854748,11.880175863042266,8950,104.715
CNLS,Walter_'A'_2-1.las,PU,-5.1079,46.3268,27.25973841269841,10.454487848796303,9135,51.4347
CNLS,Walter_1-1.las,PU,-50.0,42.5018,25.81935234713129,10.634599242128969,9011,92.5018
CNLS,Walter_2-1.las,PU,-7.0215,54.4662,25.25046816636446,10.798752658582622,8824,61.487700000000004
CNLS,Walter_3-1.las,pu,-9.99,0.425,0.21368911308203992,0.738641851571221,9020,10.415000000000001
CNLS,Walter_4-1.las,pu,-9.99,0.5554,0.18086752328582648,0.7938178703063664,8911,10.5454
CNLS,Walter_5-1.las,PU,-3.2128,55.9991,24.575034730471813,10.996458562743591,8923,59.2119
CNLS,Walter_6-1.las,PU,-50.0,56.5371,25.53846917947559,11.253599343406119,8848,106.53710000000001
CNLS,Walter_7-1.las,PU,-2.7129,56.112,23.378711045474812,10.292074508161004,8972,58.8249
CNLS,Walter_8-1.las,pu,-9.99,1.0,0.20955492474546256,0.7674292173339801,9036,10.99
CNLS,Walter_Bros._1-6.las,pu,-9.99,1.0,0.21030429541968,0.7638057979251492,9126,10.99
