File,Curve,Unit,Curve_Status
Downing_'B'_1-1.las,Cali,MISSING,MISSING
Downing_'B'_1-1.las,GR,GAPI,INCONSISTENT
Downing_'B'_1-1.las,SP,MV,INCONSISTENT
Downing_'B'_1-1.las,MN,OHM-M,INCONSISTENT
Downing_'B'_1-1.las,MI,OHM-M,INCONSISTENT
Downing_'B'_1-1.las,RILM,OHM-M,INCONSISTENT
Downing_'B'_1-1.las,RILD,OHM-M,INCONSISTENT
Downing_'B'_1-1.las,RLL3,OHM-M,INCONSISTENT
Downing_'B'_1-1.las,RXORT,NO_UNIT,INCONSISTENT
Downing_'B'_1-1.las,RHOB,G/CC,INCONSISTENT
Downing_'B'_1-1.las,RHOC,G/CC,INCONSISTENT
Downing_'B'_1-1.las,CILD,OHM-M,INCONSISTENT
Downing_'B'_1-1.las,DPOR,PU,INCONSISTENT
Downing_'B'_1-1.las,SPOR,PU,INCONSISTENT
Downing_'B'_1-1.las,DT,USEC/FT,INCONSISTENT
Downing_1-6.las,Cali,MISSING,MISSING
Downing_1-6.las,GR,GAPI,INCONSISTENT
Downing_1-6.las,SP,MV,INCONSISTENT
Downing_1-6.las,MN,OHM-M,INCONSISTENT
Downing_1-6.las,MI,OHM-M,INCONSISTENT
Downing_1-6.las,RILM,OHM-M,INCONSISTENT
Downing_1-6.las,RILD,OHM-M,INCONSISTENT
Downing_1-6.las,RLL3,OHM-M,INCONSISTENT
Downing_1-6.las,RXORT,NO_UNIT,INCONSISTENT
Downing_1-6.las,RHOB,G/CC,INCONSISTENT
Downing_1-6.las,RHOC,G/CC,INCONSISTENT
Downing_1-6.las,CILD,OHM-M,INCONSISTENT
Downing_1-6.las,DPOR,PU,INCONSISTENT
Downing_1-6.las,SPOR,PU,INCONSISTENT
Downing_1-6.las,DT,USEC/FT,INCONSISTENT
Ladenburger_'A'_1-6.las,Cali,MISSING,MISSING
Ladenburger_'A'_1-6.las,GR,NO_UNIT,INCONSISTENT
Ladenburger_'A'_1-6.las,SP,MV,INCONSISTENT
Ladenburger_'A'_1-6.las,MN,NO_UNIT,INCONSISTENT
Ladenburger_'A'_1-6.las,MI,NO_UNIT,INCONSISTENT
Ladenburger_'A'_1-6.las,RILM,NO_UNIT,INCONSISTENT
Ladenburger_'A'_1-6.las,RILD,NO_UNIT,INCONSISTENT
Ladenburger_'A'_1-6.las,RLL3,NO_UNIT,INCONSISTENT
Ladenburger_'A'_1-6.las,RXORT,NO_UNIT,INCONSISTENT
Ladenburger_'A'_1-6.las,RHOB,NO_UNIT,INCONSISTENT
Ladenburger_'A'_1-6.las,RHOC,NO_UNIT,INCONSISTENT
Ladenburger_'A'_1-6.las,CILD,NO_UNIT,INCONSISTENT
Ladenburger_'A'_1-6.las,DPOR,NO_UNIT,INCONSISTENT
Ladenburger_'A'_1-6.las,SPOR,NO_UNIT,INCONSISTENT
Ladenburger_'A'_1-6.las,DT,NO_UNIT,INCONSISTENT
Ladenburger_'B'_1-6.las,Cali,MISSING,MISSING
Ladenburger_'B'_1-6.las,GR,NO_UNIT,INCONSISTENT
Ladenburger_'B'_1-6.las,SP,MV,INCONSISTENT
Ladenburger_'B'_1-6.las,MN,NO_UNIT,INCONSISTENT
Ladenburger_'B'_1-6.las,MI,NO_UNIT,INCONSISTENT
Ladenburger_'B'_1-6.las,RILM,NO_UNIT,INCONSISTENT
Ladenburger_'B'_1-6.las,RILD,NO_UNIT,INCONSISTENT
Ladenburger_'B'_1-6.las,RLL3,NO_UNIT,INCONSISTENT
Ladenburger_'B'_1-6.las,RXORT,NO_UNIT,INCONSISTENT
Ladenburger_'B'_1-6.las,RHOB,NO_UNIT,INCONSISTENT
Ladenburger_'B'_1-6.las,RHOC,NO_UNIT,INCONSISTENT
Ladenburger_'B'_1-6.las,CILD,NO_UNIT,INCONSISTENT
Ladenburger_'B'_1-6.las,DPOR,NO_UNIT,INCONSISTENT
Ladenburger_'B'_1-6.las,SPOR,NO_UNIT,INCONSISTENT
Ladenburger_'B'_1-6.las,DT,NO_UNIT,INCONSISTENT
Ladenburger_1-6.las,Cali,MISSING,MISSING
Ladenburger_1-6.las,GR,Unknown,INCONSISTENT
Ladenburger_1-6.las,SP,mV,INCONSISTENT
Ladenburger_1-6.las,MN,Unknown,INCONSISTENT
Ladenburger_1-6.las,MI,Unknown,INCONSISTENT
Ladenburger_1-6.las,RILM,Unknown,INCONSISTENT
Ladenburger_1-6.las,RILD,Unknown,INCONSISTENT
Ladenburger_1-6.las,RLL3,Unknown,INCONSISTENT
Ladenburger_1-6.las,RXORT,Unknown,INCONSISTENT
Ladenburger_1-6.las,RHOB,Unknown,INCONSISTENT
Ladenburger_1-6.las,RHOC,Unknown,INCONSISTENT
Ladenburger_1-6.las,CILD,Unknown,INCONSISTENT
Ladenburger_1-6.las,DPOR,pu,INCONSISTENT
Ladenburger_1-6.las,SPOR,pu,INCONSISTENT
Ladenburger_1-6.las,DT,Unknown,INCONSISTENT
Mary_Ann_1-1.las,Cali,MISSING,MISSING
Mary_Ann_1-1.las,GR,Unknown,INCONSISTENT
Mary_Ann_1-1.las,SP,mV,INCONSISTENT
Mary_Ann_1-1.las,MN,Unknown,INCONSISTENT
Mary_Ann_1-1.las,MI,Unknown,INCONSISTENT
Mary_Ann_1-1.las,RILM,Unknown,INCONSISTENT
Mary_Ann_1-1.las,RILD,Unknown,INCONSISTENT
Mary_Ann_1-1.las,RLL3,Unknown,INCONSISTENT
Mary_Ann_1-1.las,RXORT,Unknown,INCONSISTENT
Mary_Ann_1-1.las,RHOB,Unknown,INCONSISTENT
Mary_Ann_1-1.las,RHOC,Unknown,INCONSISTENT
Mary_Ann_1-1.las,CILD,Unknown,INCONSISTENT
Mary_Ann_1-1.las,DPOR,pu,INCONSISTENT
Mary_Ann_1-1.las,SPOR,pu,INCONSISTENT
Mary_Ann_1-1.las,DT,Unknown,INCONSISTENT
Mary_Ann_2-1.las,Cali,MISSING,MISSING
Mary_Ann_2-1.las,GR,Unknown,INCONSISTENT
Mary_Ann_2-1.las,SP,mV,INCONSISTENT
Mary_Ann_2-1.las,MN,Unknown,INCONSISTENT
Mary_Ann_2-1.las,MI,Unknown,INCONSISTENT
Mary_Ann_2-1.las,RILM,Unknown,INCONSISTENT
Mary_Ann_2-1.las,RILD,Unknown,INCONSISTENT
Mary_Ann_2-1.las,RLL3,Unknown,INCONSISTENT
Mary_Ann_2-1.las,RXORT,Unknown,INCONSISTENT
Mary_Ann_2-1.las,RHOB,Unknown,INCONSISTENT
Mary_Ann_2-1.las,RHOC,Unknown,INCONSISTENT
Mary_Ann_2-1.las,CILD,Unknown,INCONSISTENT
Mary_Ann_2-1.las,DPOR,pu,INCONSISTENT
Mary_Ann_2-1.las,SPOR,pu,INCONSISTENT
Mary_Ann_2-1.las,DT,Unknown,INCONSISTENT
Mary_Ann_3-1.las,Cali,MISSING,MISSING
Mary_Ann_3-1.las,GR,Unknown,INCONSISTENT
Mary_Ann_3-1.las,SP,mV,INCONSISTENT
Mary_Ann_3-1.las,MN,Unknown,INCONSISTENT
Mary_Ann_3-1.las,MI,Unknown,INCONSISTENT
Mary_Ann_3-1.las,RILM,Unknown,INCONSISTENT
Mary_Ann_3-1.las,RILD,Unknown,INCONSISTENT
Mary_Ann_3-1.las,RLL3,Unknown,INCONSISTENT
Mary_Ann_3-1.las,RXORT,Unknown,INCONSISTENT
Mary_Ann_3-1.las,RHOB,Unknown,INCONSISTENT
Mary_Ann_3-1.las,RHOC,Unknown,INCONSISTENT
Mary_Ann_3-1.las,CILD,Unknown,INCONSISTENT
Mary_Ann_3-1.las,DPOR,pu,INCONSISTENT
Mary_Ann_3-1.las,SPOR,pu,INCONSISTENT
Mary_Ann_3-1.las,DT,Unknown,INCONSISTENT
Mary_Ann_4-1.las,Cali,MISSING,MISSING
Mary_Ann_4-1.las,GR,GAPI,INCONSISTENT
Mary_Ann_4-1.las,SP,MV,INCONSISTENT
Mary_Ann_4-1.las,MN,OHM-M,INCONSISTENT
Mary_Ann_4-1.las,MI,OHM-M,INCONSISTENT
Mary_Ann_4-1.las,RILM,OHM-M,INCONSISTENT
Mary_Ann_4-1.las,RILD,OHM-M,INCONSISTENT
Mary_Ann_4-1.las,RLL3,OHM-M,INCONSISTENT
Mary_Ann_4-1.las,RXORT,NO_UNIT,INCONSISTENT
Mary_Ann_4-1.las,RHOB,G/CC,INCONSISTENT
Mary_Ann_4-1.las,RHOC,G/CC,INCONSISTENT
Mary_Ann_4-1.las,CILD,OHM-M,INCONSISTENT
Mary_Ann_4-1.las,DPOR,PU,INCONSISTENT
Mary_Ann_4-1.las,SPOR,PU,INCONSISTENT
Mary_Ann_4-1.las,DT,USEC/FT,INCONSISTENT
Mary_Ann_5-1.las,Cali,MISSING,MISSING
Mary_Ann_5-1.las,GR,Unknown,INCONSISTENT
Mary_Ann_5-1.las,SP,mV,INCONSISTENT
Mary_Ann_5-1.las,MN,Unknown,INCONSISTENT
Mary_Ann_5-1.las,MI,Unknown,INCONSISTENT
Mary_Ann_5-1.las,RILM,Unknown,INCONSISTENT
Mary_Ann_5-1.las,RILD,Unknown,INCONSISTENT
Mary_Ann_5-1.las,RLL3,Unknown,INCONSISTENT
Mary_Ann_5-1.las,RXORT,Unknown,INCONSISTENT
Mary_Ann_5-1.las,RHOB,Unknown,INCONSISTENT
Mary_Ann_5-1.las,RHOC,Unknown,INCONSISTENT
Mary_Ann_5-1.las,CILD,Unknown,INCONSISTENT
Mary_Ann_5-1.las,DPOR,pu,INCONSISTENT
Mary_Ann_5-1.las,SPOR,pu,INCONSISTENT
Mary_Ann_5-1.las,DT,Unknown,INCONSISTENT
Mary_Ann_6-1.las,Cali,MISSING,MISSING
Mary_Ann_6-1.las,GR,GAPI,INCONSISTENT
Mary_Ann_6-1.las,SP,MV,INCONSISTENT
Mary_Ann_6-1.las,MN,OHM-M,INCONSISTENT
Mary_Ann_6-1.las,MI,OHM-M,INCONSISTENT
Mary_Ann_6-1.las,RILM,OHM-M,INCONSISTENT
Mary_Ann_6-1.las,RILD,OHM-M,INCONSISTENT
Mary_Ann_6-1.las,RLL3,OHM-M,INCONSISTENT
Mary_Ann_6-1.las,RXORT,NO_UNIT,INCONSISTENT
Mary_Ann_6-1.las,RHOB,G/CC,INCONSISTENT
Mary_Ann_6-1.las,RHOC,G/CC,INCONSISTENT
Mary_Ann_6-1.las,CILD,OHM-M,INCONSISTENT
Mary_Ann_6-1.las,DPOR,PU,INCONSISTENT
Mary_Ann_6-1.las,SPOR,PU,INCONSISTENT
Mary_Ann_6-1.las,DT,USEC/FT,INCONSISTENT
Mary_Ann_7-1.las,Cali,MISSING,MISSING
Mary_Ann_7-1.las,GR,GAPI,INCONSISTENT
Mary_Ann_7-1.las,SP,MV,INCONSISTENT
Mary_Ann_7-1.las,MN,OHM-M,INCONSISTENT
Mary_Ann_7-1.las,MI,OHM-M,INCONSISTENT
Mary_Ann_7-1.las,RILM,OHM-M,INCONSISTENT
Mary_Ann_7-1.las,RILD,OHM-M,INCONSISTENT
Mary_Ann_7-1.las,RLL3,OHM-M,INCONSISTENT
Mary_Ann_7-1.las,RXORT,NO_UNIT,INCONSISTENT
Mary_Ann_7-1.las,RHOB,G/CC,INCONSISTENT
Mary_Ann_7-1.las,RHOC,G/CC,INCONSISTENT
Mary_Ann_7-1.las,CILD,OHM-M,INCONSISTENT
Mary_Ann_7-1.las,DPOR,PU,INCONSISTENT
Mary_Ann_7-1.las,SPOR,PU,INCONSISTENT
Mary_Ann_7-1.las,DT,USEC/FT,INCONSISTENT
Mary_Ann_8-1.las,Cali,MISSING,MISSING
Mary_Ann_8-1.las,GR,GAPI,INCONSISTENT
Mary_Ann_8-1.las,SP,MV,INCONSISTENT
Mary_Ann_8-1.las,MN,OHM-M,INCONSISTENT
Mary_Ann_8-1.las,MI,OHM-M,INCONSISTENT
Mary_Ann_8-1.las,RILM,OHM-M,INCONSISTENT
Mary_Ann_8-1.las,RILD,OHM-M,INCONSISTENT
Mary_Ann_8-1.las,RLL3,OHM-M,INCONSISTENT
Mary_Ann_8-1.las,RXORT,NO_UNIT,INCONSISTENT
Mary_Ann_8-1.las,RHOB,G/CC,INCONSISTENT
Mary_Ann_8-1.las,RHOC,G/CC,INCONSISTENT
Mary_Ann_8-1.las,CILD,OHM-M,INCONSISTENT
Mary_Ann_8-1.las,DPOR,PU,INCONSISTENT
Mary_Ann_8-1.las,SPOR,PU,INCONSISTENT
Mary_Ann_8-1.las,DT,USEC/FT,INCONSISTENT
Schwerdt_1-2.las,Cali,MISSING,MISSING
Schwerdt_1-2.las,GR,GAPI,INCONSISTENT
Schwerdt_1-2.las,SP,MV,INCONSISTENT
Schwerdt_1-2.las,MN,OHM-M,INCONSISTENT
Schwerdt_1-2.las,MI,OHM-M,INCONSISTENT
Schwerdt_1-2.las,RILM,MISSING,INCONSISTENT
Schwerdt_1-2.las,RILD,MISSING,INCONSISTENT
Schwerdt_1-2.las,RLL3,MISSING,INCONSISTENT
Schwerdt_1-2.las,RXORT,MISSING,INCONSISTENT
Schwerdt_1-2.las,RHOB,MISSING,INCONSISTENT
Schwerdt_1-2.las,RHOC,MISSING,INCONSISTENT
Schwerdt_1-2.las,CILD,MISSING,INCONSISTENT
Schwerdt_1-2.las,DPOR,MISSING,INCONSISTENT
Schwerdt_1-2.las,SPOR,PU,INCONSISTENT
Schwerdt_1-2.las,DT,USEC/FT,INCONSISTENT
Schwerdt_3-2.las,Cali,MISSING,MISSING
Schwerdt_3-2.las,GR,NO_UNIT,INCONSISTENT
Schwerdt_3-2.las,SP,MV,INCONSISTENT
Schwerdt_3-2.las,MN,NO_UNIT,INCONSISTENT
Schwerdt_3-2.las,MI,NO_UNIT,INCONSISTENT
Schwerdt_3-2.las,RILM,MISSING,INCONSISTENT
Schwerdt_3-2.las,RILD,MISSING,INCONSISTENT
Schwerdt_3-2.las,RLL3,MISSING,INCONSISTENT
Schwerdt_3-2.las,RXORT,MISSING,INCONSISTENT
Schwerdt_3-2.las,RHOB,MISSING,INCONSISTENT
Schwerdt_3-2.las,RHOC,MISSING,INCONSISTENT
Schwerdt_3-2.las,CILD,MISSING,INCONSISTENT
Schwerdt_3-2.las,DPOR,MISSING,INCONSISTENT
Schwerdt_3-2.las,SPOR,MISSING,INCONSISTENT
Schwerdt_3-2.las,DT,MISSING,INCONSISTENT
Walter_'A'_2-1.las,Cali,MISSING,MISSING
Walter_'A'_2-1.las,GR,GAPI,INCONSISTENT
Walter_'A'_2-1.las,SP,MV,INCONSISTENT
Walter_'A'_2-1.las,MN,OHM-M,INCONSISTENT
Walter_'A'_2-1.las,MI,OHM-M,INCONSISTENT
Walter_'A'_2-1.las,RILM,OHM-M,INCONSISTENT
Walter_'A'_2-1.las,RILD,OHM-M,INCONSISTENT
Walter_'A'_2-1.las,RLL3,OHM-M,INCONSISTENT
Walter_'A'_2-1.las,RXORT,NO_UNIT,INCONSISTENT
Walter_'A'_2-1.las,RHOB,G/CC,INCONSISTENT
Walter_'A'_2-1.las,RHOC,G/CC,INCONSISTENT
Walter_'A'_2-1.las,CILD,NO_UNIT,INCONSISTENT
Walter_'A'_2-1.las,DPOR,PU,INCONSISTENT
Walter_'A'_2-1.las,SPOR,PU,INCONSISTENT
Walter_'A'_2-1.las,DT,USEC/FT,INCONSISTENT
Walter_1-1.las,Cali,MISSING,MISSING
Walter_1-1.las,GR,GAPI,INCONSISTENT
Walter_1-1.las,SP,MV,INCONSISTENT
Walter_1-1.las,MN,OHM-M,INCONSISTENT
Walter_1-1.las,MI,OHM-M,INCONSISTENT
Walter_1-1.las,RILM,OHM-M,INCONSISTENT
Walter_1-1.las,RILD,OHM-M,INCONSISTENT
Walter_1-1.las,RLL3,OHM-M,INCONSISTENT
Walter_1-1.las,RXORT,NO_UNIT,INCONSISTENT
Walter_1-1.las,RHOB,G/CC,INCONSISTENT
Walter_1-1.las,RHOC,G/CC,INCONSISTENT
Walter_1-1.las,CILD,OHM-M,INCONSISTENT
Walter_1-1.las,DPOR,PU,INCONSISTENT
Walter_1-1.las,SPOR,PU,INCONSISTENT
Walter_1-1.las,DT,USEC/FT,INCONSISTENT
Walter_2-1.las,Cali,MISSING,MISSING
Walter_2-1.las,GR,GAPI,INCONSISTENT
Walter_2-1.las,SP,MV,INCONSISTENT
Walter_2-1.las,MN,OHM-M,INCONSISTENT
Walter_2-1.las,MI,OHM-M,INCONSISTENT
Walter_2-1.las,RILM,OHM-M,INCONSISTENT
Walter_2-1.las,RILD,OHM-M,INCONSISTENT
Walter_2-1.las,RLL3,OHM-M,INCONSISTENT
Walter_2-1.las,RXORT,NO_UNIT,INCONSISTENT
Walter_2-1.las,RHOB,G/CC,INCONSISTENT
Walter_2-1.las,RHOC,G/CC,INCONSISTENT
Walter_2-1.las,CILD,OHM-M,INCONSISTENT
Walter_2-1.las,DPOR,PU,INCONSISTENT
Walter_2-1.las,SPOR,PU,INCONSISTENT
Walter_2-1.las,DT,USEC/FT,INCONSISTENT
Walter_3-1.las,Cali,MISSING,MISSING
Walter_3-1.las,GR,Unknown,INCONSISTENT
Walter_3-1.las,SP,mV,INCONSISTENT
Walter_3-1.las,MN,Unknown,INCONSISTENT
Walter_3-1.las,MI,Unknown,INCONSISTENT
Walter_3-1.las,RILM,Unknown,INCONSISTENT
Walter_3-1.las,RILD,Unknown,INCONSISTENT
Walter_3-1.las,RLL3,Unknown,INCONSISTENT
Walter_3-1.las,RXORT,Unknown,INCONSISTENT
Walter_3-1.las,RHOB,Unknown,INCONSISTENT
Walter_3-1.las,RHOC,Unknown,INCONSISTENT
Walter_3-1.las,CILD,Unknown,INCONSISTENT
Walter_3-1.las,DPOR,pu,INCONSISTENT
Walter_3-1.las,SPOR,pu,INCONSISTENT
Walter_3-1.las,DT,Unknown,INCONSISTENT
Walter_4-1.las,Cali,MISSING,MISSING
Walter_4-1.las,GR,Unknown,INCONSISTENT
Walter_4-1.las,SP,mV,INCONSISTENT
Walter_4-1.las,MN,Unknown,INCONSISTENT
Walter_4-1.las,MI,Unknown,INCONSISTENT
Walter_4-1.las,RILM,Unknown,INCONSISTENT
Walter_4-1.las,RILD,Unknown,INCONSISTENT
Walter_4-1.las,RLL3,Unknown,INCONSISTENT
Walter_4-1.las,RXORT,Unknown,INCONSISTENT
Walter_4-1.las,RHOB,Unknown,INCONSISTENT
Walter_4-1.las,RHOC,Unknown,INCONSISTENT
Walter_4-1.las,CILD,Unknown,INCONSISTENT
Walter_4-1.las,DPOR,pu,INCONSISTENT
Walter_4-1.las,SPOR,pu,INCONSISTENT
Walter_4-1.las,DT,Unknown,INCONSISTENT
Walter_5-1.las,Cali,MISSING,MISSING
Walter_5-1.las,GR,GAPI,INCONSISTENT
Walter_5-1.las,SP,MV,INCONSISTENT
Walter_5-1.las,MN,OHM-M,INCONSISTENT
Walter_5-1.las,MI,OHM-M,INCONSISTENT
Walter_5-1.las,RILM,OHM-M,INCONSISTENT
Walter_5-1.las,RILD,OHM-M,INCONSISTENT
Walter_5-1.las,RLL3,OHM-M,INCONSISTENT
Walter_5-1.las,RXORT,NO_UNIT,INCONSISTENT
Walter_5-1.las,RHOB,G/CC,INCONSISTENT
Walter_5-1.las,RHOC,G/CC,INCONSISTENT
Walter_5-1.las,CILD,OHM-M,INCONSISTENT
Walter_5-1.las,DPOR,PU,INCONSISTENT
Walter_5-1.las,SPOR,PU,INCONSISTENT
Walter_5-1.las,DT,USEC/FT,INCONSISTENT
Walter_6-1.las,Cali,MISSING,MISSING
Walter_6-1.las,GR,GAPI,INCONSISTENT
Walter_6-1.las,SP,MV,INCONSISTENT
Walter_6-1.las,MN,OHM-M,INCONSISTENT
Walter_6-1.las,MI,OHM-M,INCONSISTENT
Walter_6-1.las,RILM,OHM-M,INCONSISTENT
Walter_6-1.las,RILD,OHM-M,INCONSISTENT
Walter_6-1.las,RLL3,OHM-M,INCONSISTENT
Walter_6-1.las,RXORT,NO_UNIT,INCONSISTENT
Walter_6-1.las,RHOB,G/CC,INCONSISTENT
Walter_6-1.las,RHOC,G/CC,INCONSISTENT
Walter_6-1.las,CILD,OHM-M,INCONSISTENT
Walter_6-1.las,DPOR,PU,INCONSISTENT
Walter_6-1.las,SPOR,PU,INCONSISTENT
Walter_6-1.las,DT,USEC/FT,INCONSISTENT
Walter_7-1.las,Cali,MISSING,MISSING
Walter_7-1.las,GR,GAPI,INCONSISTENT
Walter_7-1.las,SP,MV,INCONSISTENT
Walter_7-1.las,MN,OHM-M,INCONSISTENT
Walter_7-1.las,MI,OHM-M,INCONSISTENT
Walter_7-1.las,RILM,OHM-M,INCONSISTENT
Walter_7-1.las,RILD,OHM-M,INCONSISTENT
Walter_7-1.las,RLL3,OHM-M,INCONSISTENT
Walter_7-1.las,RXORT,NO_UNIT,INCONSISTENT
Walter_7-1.las,RHOB,G/CC,INCONSISTENT
Walter_7-1.las,RHOC,G/CC,INCONSISTENT
Walter_7-1.las,CILD,OHM-M,INCONSISTENT
Walter_7-1.las,DPOR,PU,INCONSISTENT
Walter_7-1.las,SPOR,PU,INCONSISTENT
Walter_7-1.las,DT,USEC/FT,INCONSISTENT
Walter_8-1.las,Cali,MISSING,MISSING
Walter_8-1.las,GR,Unknown,INCONSISTENT
Walter_8-1.las,SP,mV,INCONSISTENT
Walter_8-1.las,MN,Unknown,INCONSISTENT
Walter_8-1.las,MI,Unknown,INCONSISTENT
Walter_8-1.las,RILM,Unknown,INCONSISTENT
Walter_8-1.las,RILD,Unknown,INCONSISTENT
Walter_8-1.las,RLL3,Unknown,INCONSISTENT
Walter_8-1.las,RXORT,Unknown,INCONSISTENT
Walter_8-1.las,RHOB,Unknown,INCONSISTENT
Walter_8-1.las,RHOC,Unknown,INCONSISTENT
Walter_8-1.las,CILD,Unknown,INCONSISTENT
Walter_8-1.las,DPOR,pu,INCONSISTENT
Walter_8-1.las,SPOR,pu,INCONSISTENT
Walter_8-1.las,DT,Unknown,INCONSISTENT
Walter_Bros._1-6.las,Cali,MISSING,MISSING
Walter_Bros._1-6.las,GR,Unknown,INCONSISTENT
Walter_Bros._1-6.las,SP,mV,INCONSISTENT
Walter_Bros._1-6.las,MN,Unknown,INCONSISTENT
Walter_Bros._1-6.las,MI,Unknown,INCONSISTENT
Walter_Bros._1-6.las,RILM,Unknown,INCONSISTENT
Walter_Bros._1-6.las,RILD,Unknown,INCONSISTENT
Walter_Bros._1-6.las,RLL3,Unknown,INCONSISTENT
Walter_Bros._1-6.las,RXORT,Unknown,INCONSISTENT
Walter_Bros._1-6.las,RHOB,Unknown,INCONSISTENT
Walter_Bros._1-6.las,RHOC,Unknown,INCONSISTENT
Walter_Bros._1-6.las,CILD,Unknown,INCONSISTENT
Walter_Bros._1-6.las,DPOR,pu,INCONSISTENT
Walter_Bros._1-6.las,SPOR,pu,INCONSISTENT
Walter_Bros._1-6.las,DT,Unknown,INCONSISTENT
