"KID","BOX_NUMBER","STARTING_DEPTH","ENDING_DEPTH"
"1043973550","F6643","2750","3144"
"1043689748","E3223","2090","2500"
"1043124001","F4942","2300","2500"
"1044068193","E4163","2200","2900"
"1044068193","E4164","2900","3295"
"1044044355","E3635","2420","3220"
"1043973550","F6641","2200","2750"
"1044044355","E3633","2250","2420"
"1001296812","43602","2800","3150"
"1001297342","10385","1400","2889"
"1002943144","10264","2900","3180"
"1001297718","11167","2100","2650"
"1001301131","16241","2500","2853"
"1001298831","29933","2643","3164"
"1001299658","17480","1425","3165"
"1001299659","07930","2000","3180"
"1001301211","03035","2000","3118"
"1001302834","11242","2100","3185"
"1001301132","10217","1900","3161"
"1001302835","49489","2950","3166"
"1001298996","50644","2500","3167"
"1031003298","49552","3100","3189"
"1001299664","62433","1501","1800"
"1001297201","27157","2400","3096"
"1001299665","49492","2550","3105"
"1001304881","26272","2749","3146"
"1001304882","49493","2915","3117"
"1001299162","25457","3002","3140"
"1001301899","55377","3100","3199"
"1001301106","55400","2550","3150"
"1001301106","55401","3150","3161"
"1001301898","55431","2500","2900"
"1001301891","55298","2630","3178"
"1006822542","55303","2500","3195"
"1001301900","55008","2500","2975"
"1001301900","55009","2975","3207"
"1001301689","25253","1600","3000"
"1001298114","49420","2800","3160"
"1001301081","42643","2300","3108"
"1001301893","26339","2500","2900"
"1044195186","42278","2900","3165"
"1002944172","40217","2150","3167"
"1032577342","38285","2800","3211"
"1006139007","64691","2000","2250"
"1001304884","54137","2360","2974"
"1001299673","50493","2600","3183"
"1001302839","49702","2820","3206"
"1001296812","50379","2800","3168"
"1001295379","50493","3000","3167"
"1001302030","52611","2700","3180"
"1001301700","49302","2427","3208"
"1006135459","G4033","2150","3220"
"1001297016","02344","2880","2978"
"1002943375","29437","300","1090"
"1002943116","C1242","2200","3353"
"1002943208","03715","2005","3350"
"1008333741","10510","2351","2434"
"1006136315","27261","2010","2525"
"1006136637","B0061","2200","2490"
"1002942967","C1080","2200","2860"
"1002943145","08891","2100","2346"
"1002943168","09724","2100","2371"
"1002943396","45864","2300","3395"
"1006137469","B7898","2200","3435"
"1002943031","09632","2310","2357"
"1001299689","09678","2100","2340"
"1001298463","09627","2150","2318"
"1001299693","09636","2150","2590"
"1002943019","08140","2150","2461"
"1001302046","09234","2170","2330"
"1001302047","09513","2100","2342"
"1001297176","10368","2000","2331"
"1005741635","09032","2100","2290"
"1006135548","J8827","2000","2730"
"1001299701","54508","2250","2420"
"1002943335","01217","1950","2434"
"1005741643","09582","2100","2392"
"1001299690","10983","2100","2382"
"1002943526","05798","2400","3370"
"1001301355","09753","2100","2405"
"1001299713","10956","2100","2392"
"1006139197","53530","2800","3281"
"1001299706","54500","2200","2395"
"1008406154","54720","2250","2354"
"1001301860","54956","2168","2355"
"1001298514","54786","2200","2397"
"1001299699","54330","2332","3450"
"1001299698","09698","2100","2394"
"1006136177","G1771","2200","3296"
"1001299721","00177","2000","3337"
"1006135594","J8532","2300","2780"
"1006135594","J8533","2780","3300"
"1001302850","54495","2248","2337"
"1001295591","54426","2250","2407"
"1001297479","54470","2250","2347"
"1001299717","55069","2250","2365"
"1001302847","54323","2250","2354"
"1001302848","54386","2200","3180"
"1001302848","54387","2314","3288"
"1001302848","53983","3288","3309"
"1001302115","07895","2000","2320"
"1001296651","54601","2250","2410"
"1001302113","54388","2229","2425"
"1001301519","06758","10","500"
"1001301519","06759","500","2100"
"1001301519","06760","2100","3230"
"1001299754","45749","2600","2994"
"1001299753","45758","2620","2982"
"1001301579","32913","2650","3140"
"1039145071","02286","2600","2996"
"1001299756","45748","2480","2942"
"1001299752","45761","2600","2985"
"1001302852","45729","2655","3196"
"1001302855","46285","2330","3220"
"1039145085","45788","0","1850"
"1039145085","45789","1850","3050"
"1039145085","45790","3050","3234"
"1001299744","46160","1600","2000"
"1001299744","46161","2000","2150"
"1001304897","46379","1600","2309"
"1001302856","46395","1850","2305"
"1001298387","46392","1600","2329"
"1001299749","46403","1600","2295"
"1006138942","64834","2200","3275"
"1001299757","25452","2805","3276"
"1001301808","46282","1600","2294"
"1001299740","46299","1600","2275"
"1001299767","46395","1900","2323"
"1001299747","43729","2600","3232"
"1041109954","54093","2800","3153"
"1037043109","54683","2285","2354"
"1001299741","45875","2288","2348"
"1041460887","02407","2100","2410"
"1001300912","07808","1995","2338"
"1001299770","14517","2000","2350"
"1001301583","54970","2595","3236"
"1001295960","54969","2795","3212"
"1001298323","54718","2250","2372"
"1001299771","49153","2100","3242"
"1001299776","53644","2850","3266"
"1001297759","45707","2500","3000"
"1001302863","10432","2100","3262"
"1001298477","12432","2100","2352"
"1008502501","07595","2240","2289"
"1001299778","48967","3231","3265"
"1001299785","07916","2000","2278"
"1006139011","64832","2400","3223"
"1002944157","40344","2100","3271"
"1001302033","56126","1200","2600"
"1002942955","07375","2100","2283"
"1006139345","08161","2100","2395"
"1001299797","15855","2150","2400"
"1001300700","08182","2100","2330"
"1001299792","07869","2100","2332"
"1001299746","07268","2100","2252"
"1001299809","07517","2050","2285"
"1001301500","12287","2500","3232"
"1002943557","07259","2698","3196"
"1006446905","12004","2100","3219"
"1001298481","06764","2500","3113"
"1001299823","54320","2450","3104"
"1002944187","49024","2000","2415"
"1001299832","50991","2000","3270"
"1006135272","J5593","2180","3170"
"1001302197","34742","2400","3314"
"1001302197","A8772","2800","3317"
"1005741793","54520","2100","2868"
"1001299840","54504","2100","2500"
"1001299840","54391","2500","2908"
"1001299821","54616","2000","2330"
"1001296769","02012","2700","3035"
"1001299818","49276","2100","2900"
"1001299818","29743","3149","3166"
"1002942957","04899","3097","3161"
"1005741800","50320","2500","2888"
"1005741801","52292","2000","3112"
"1002942957","46740","3150","3154"
"1001295325","30454","2830","2897"
"1001302876","06765","2150","2895"
"1001298601","04908","2841","2859"
"1001302891","48365","2575","2940"
"1006514328","43852","2870","3215"
"1001302882","34536","2905","3249"
"1001295425","08697","1800","2290"
"1001299895","09539","2000","2318"
"1001299920","49194","2005","2205"
"1001299914","49119","630","3008"
"1001295492","66346","800","1460"
"1002943559","65319","2300","3244"
"1002943832","04940","2750","2981"
"1001299913","06768","2700","3164"
"1001295571","55449","2640","2936"
"1001300713","66480","2940","3173"
"1001302913","05609","1040","1700"
"1001299923","05606","2750","2930"
"1001299907","10313","2700","3156"
"1033932280","28921","3148","3263"
"1001301809","55198","2500","2961"
"1001302932","26540","2400","2999"
"1001301586","66376","2200","2390"
"1006138201","04912","2700","2874"
"1001302928","05712","2823","2975"
"1005741858","00093","2695","2966"
"1006514333","48375","2888","3140"
"1001302975","66474","2000","2665"
"1008406643","45752","2690","2969"
"1001298003","45741","2610","3104"
"1001301810","46373","1600","2264"
"1001302921","46730","2000","3173"
"1001302938","06767","2700","2850"
"1008406661","02300","2700","3255"
"1001297640","05727","2825","3155"
"1006797314","07996","2200","2390"
"1035942447","05709","2750","2955"
"1001302940","54972","3113","3135"
"1001303037","51878","2000","3100"
"1001300771","60508","2200","3088"
"1001297292","00561","305","2200"
"1001297292","32438","2200","3268"
"1001304980","11964","2650","2840"
"1001300004","12881","2600","3242"
"1001300002","17599","2724","3387"
"1001301467","01282","1595","1890"
"1001301467","01283","1890","2975"
"1001303049","61571","3065","3201"
"1001300011","61464","2100","2300"
"1001301814","45815","2750","3265"
"1001301814","11682","3115","3265"
"1001304985","28383","2900","3060"
"1001300001","02651","2600","3051"
"1001301733","27528","3130","3310"
"1001303050","46282","2795","3075"
"1001304983","45742","2745","3052"
"1002944089","41269","2200","3230"
"1031523831","36431","2950","3266"
"1006138928","62868","2000","3200"
"1001303051","32310","875","2135"
"1006138954","63360","2750","3296"
"1006514384","45828","400","2500"
"1028097202","46756","2350","3316"
"1001303057","46435","1900","3170"
"1001303058","06793","2705","3102"
"1001304989","03661","2495","3350"
"1028097198","16908","2500","3285"
"1028097208","18901","2400","3302"
"1001304937","48359","2030","3113"
"1001300714","27310","2740","3147"
"1005741904","06769","2800","2963"
"1006797494","04812","2500","2961"
"1033764471","65384","2898","2965"
"1001302974","55359","2500","3197"
"1001302979","55037","2000","3145"
"1005741915","65453","2407","3130"
"1001302973","24497","2877","2935"
"1005741917","55182","2500","2876"
"1001295497","55178","2450","2720"
"1001295851","55190","2600","2866"
"1001300715","63386","2400","2953"
"1001299931","63396","2500","2934"
"1001299932","27522","2500","2888"
"1001304944","04684","2200","2935"
"1001304943","08892","2850","3142"
"1005741926","02305","1500","2901"
"1001298559","04893","2750","2874"
"1005741928","09583","2050","2735"
"1001295603","08830","550","1200"
"1001295603","06772","1200","2869"
"1008406689","30022","560","2230"
"1008406689","29868","2630","2869"
"1001302368","55346","2500","3135"
"1002943967","55301","2100","2550"
"1001297006","55317","2100","2140"
"1001297006","55318","2140","2851"
"1001302322","55037","2100","2281"
"1001304947","55040","2100","2225"
"1001302981","66303","2075","2226"
"1001302369","06773","2400","3125"
"1001304949","06778","2450","2800"
"1006133240","63807","2000","3152"
"1001299860","48349","1675","3000"
"1001301720","09947","2750","2913"
"1001302899","38320","2770","2915"
"1005741951","08480","2950","3120"
"1006797396","50612","2600","3160"
"1005450764","32860","2885","3148"
"1001302894","43733","2350","2924"
"1037343261","27281","2650","2888"
"1030571736","65328","2300","2903"
"1002943827","65361","2400","2900"
"1001304925","55489","2400","2700"
"1001300595","55197","2500","2954"
"1005741971","55204","2500","2965"
"1001299871","63385","2450","2950"
"1027963890","65972","0","219"
"1001299884","48357","2035","2500"
"1001299886","46740","2320","2325"
"1001302199","49053","2000","3164"
"1006135031","A5373","1450","1700"
"1002944138","39773","2200","3200"
"1001302396","12451","2140","3325"
"1001302238","08622","2150","2425"
"1001303093","09701","2200","2433"
"1001305016","23663","3020","3138"
"1001305015","02330","3010","3057"
"1001305014","04893","2830","3092"
"1001305013","G1428","3015","3103"
"1001303087","07051","2990","3118"
"1006133441","27296","2300","3300"
"1006133522","33580","2300","3255"
"1001301365","02595","2985","3240"
"1006514411","02565","2400","3064"
"1001305011","01241","2900","3105"
"1006139127","65030","2840","3217"
"1001305020","30686","2300","3083"
"1002943836","04006","2700","3086"
"1001302400","04864","2800","3065"
"1001303111","54506","2850","3050"
"1001302434","27180","10","1600"
"1001302435","07208","2300","3061"
"1001302404","48985","3200","3365"
"1001302428","10791","2200","2422"
"1043986269","10938","2860","3105"
"1001302432","27170","2710","2993"
"1001302241","23901","2700","3163"
"1001303103","B0249","2300","3290"
"1001301107","07827","2200","2449"
"1001303104","26832","2900","3115"
"1001305022","06775","2500","3043"
"1006135031","A5376","2500","2810"
"1001299872","02275","500","1950"
"1001302320","04673","2000","2300"
"1001299894","26671","2750","2927"
"1001299919","50524","2200","3167"
"1006133508","33998","2200","3040"
"1001298000","09509","1950","2330"
"1001299893","50415","2200","2700"
"1001297153","65329","2891","2904"
"1001302367","46058","2200","2800"
"1001303000","06779","2500","2836"
"1006139245","53474","2500","2831"
"1001302376","31082","2600","2930"
"1001302058","50306","2875","3180"
"1001299940","30193","2790","2827"
"1005742017","B1430","2700","2861"
"1001300053","31727","2000","3051"
"1001301816","03858","2975","3159"
"1001302437","A8587","2600","2780"
"1001303122","05731","2610","3054"
"1001303123","06798","1000","2550"
"1001300053","02390","0","550"
"1044195189","54529","2450","3048"
"1001302440","32602","2500","3241"
"1001302244","06799","2900","3047"
"1006139419","27475","2900","3150"
"1001297092","54004","2250","2357"
"1001298620","12744","2400","3280"
"1006138901","62723","2200","2990"
"1006139407","65526","2625","3015"
"1006139017","64462","2200","3102"
"1001302020","49009","2100","2912"
"1001302020","50324","2910","2958"
"1039408551","49033","2000","2800"
"1039408551","49039","2800","2926"
"1001302011","49202","2200","2500"
"1001302011","49203","2500","2965"
"1001295399","52667","2978","3120"
"1001303136","50351","1850","3110"
"1001303136","50352","3110","3187"
"1001303162","49145","2100","3202"
"1001303162","49146","3202","3364"
"1001303137","50838","2150","3204"
"1001303158","49212","2200","2924"
"1001303138","50997","1800","3202"
"1001299315","A0061","2900","2932"
"1001296558","52443","2500","3195"
"1039408552","20313","2550","3130"
"1001301603","21714","745","3215"
"1001301603","50990","1800","2400"
"1001301604","52353","2000","2560"
"1001302017","21717","700","2250"
"1006135415","J8051","2000","3280"
"1001302012","52384","1900","2368"
"1001302022","53276","1900","2375"
"1001303143","F9611","1900","2400"
"1001302016","52380","1900","2398"
"1001302014","21711","675","2400"
"1001295526","34732","2588","3012"
"1006514429","21796","2950","3140"
"1002943837","B0520","2600","3203"
"1001299298","48377","2861","2970"
"1001299378","49270","2100","2500"
"1002943750","52323","2000","2400"
"1002943746","52366","1900","2395"
"1001300070","52413","1900","2413"
"1001300073","52412","1900","2400"
"1001296586","47952","2270","2314"
"1001302061","55459","2500","2700"
"1001302061","05322","2700","3140"
"1001302064","55490","2750","2929"
"1001302406","55173","2650","2907"
"1001302406","55174","2906","3006"
"1001302406","06802","2855","3003"
"1001303150","55280","3002","3164"
"1001299359","66376","2200","2400"
"1001303148","66447","2150","2390"
"1001302331","36263","1850","3007"
"1001305031","35767","2300","3252"
"1001301876","32714","2000","2850"
"1001303163","34278","2355","3181"
"1001303157","34238","2000","3003"
"1001303159","34276","2000","3245"
"1001302062","30215","2705","2901"
"1001300071","07682","1800","2310"
"1001300076","08294","1800","2350"
"1001303153","24289","1900","2415"
"1006135205","J5726","2200","3175"
"1001296937","06778","2700","3002"
"1001305036","06803","2705","3006"
"1001295550","05679","2999","3149"
"1006135608","J9639","2200","3250"
"1006136145","F0973","2200","3220"
"1001303169","A6613","2636","2895"
"1001302444","10403","2000","2380"
"1001296639","13502","2600","2952"
"1006133280","33107","2300","3190"
"1006135371","A6114","2300","3185"
"1001303206","A8673","2140","2455"
"1001303206","B0913","2455","2900"
"1001303206","32647","2900","3006"
"1040723497","31257","2900","3040"
"1006135712","J9149","1600","3192"
"1001303200","31263","3090","3230"
"1006133322","B7046","2000","2350"
"1037782333","54139","2605","3052"
"1001303195","30521","2600","2996"
"1001303196","38428","2600","2997"
"1001305043","37771","2765","3180"
"1008405154","35309","390","3115"
"1001295409","43432","2692","3360"
"1001300080","00922","2500","2965"
"1001301028","34706","775","3020"
"1001295465","01502","0","675"
"1006133842","56843","1900","3185"
"1001303191","00099","2500","3024"
"1001303202","06805","2800","3070"
"1001297467","08384","2250","3224"
"1001303212","04074","2150","3259"
"1001296345","08773","2100","3245"
"1006135993","G1359","1800","3050"
"1006139141","F2692","825","2900"
"1006133300","B7032","2000","3300"
"1001298811","30247","2865","3099"
"1001295495","49570","3200","3277"
"1001303258","29622","2900","3205"
"1001296730","56627","2500","3205"
"1001299091","25351","2600","3110"
"1006134670","A2674","2890","3220"
"1006133248","66837","2000","3201"
"1037034625","29595","730","2100"
"1002943604","66222","2200","3340"
"1006134157","70188","1500","2447"
"1001301221","52425","1900","2412"
"1001296129","46033","1995","3188"
"1006134443","A1024","2200","2780"
"1042325173","46027","2906","3219"
"1006138934","63167","2900","3290"
"1006134822","A4463","2150","3146"
"1006134852","A4473","2150","3150"
"1006135045","A5661","2370","3390"
"1006136351","G2298","2150","3156"
"1001303259","06074","2800","3286"
"1001296394","C3185","2090","2980"
"1001296394","C3186","2980","3235"
"1001303276","31312","2600","2900"
"1001303268","31078","2285","3168"
"1001299378","26139","3000","3192"
"1006136895","A9559","3080","3178"
"1006135431","J9797","2200","3191"
"1001303289","27824","2855","3192"
"1001303271","C6028","3100","3181"
"1001303272","27684","2900","3186"
"1001303275","35895","2500","3326"
"1001303274","09468","2100","2360"
"1001300111","34533","2500","3132"
"1001305060","04851","2800","2908"
"1001303288","54627","2200","3466"
"1001297344","40995","2525","3183"
"1001300108","04006","2800","2926"
"1001300110","06813","1020","2394"
"1001303285","41009","2600","3156"
"1001297652","38104","2000","3152"
"1001303286","02300","2923","3153"
"1001300987","50445","2700","3193"
"1044080225","49216","2200","3141"
"1001303279","49193","2500","3135"
"1001300934","50821","2200","3147"
"1001301894","43196","2750","3246"
"1001301895","F2630","2300","2810"
"1001299667","43174","2500","3125"
"1002943249","11170","1400","3201"
"1001298330","30454","2690","2820"
"1001303003","40096","2941","3096"
"1001300729","05057","2475","3131"
"1001298498","29942","2750","3060"
"1031640102","06781","2900","3160"
"1001299942","49126","2400","3127"
"1001298423","27142","2815","3150"
"1002943958","06782","2900","3146"
"1001301864","66036","2535","3295"
"1001301868","66023","2150","3160"
"1001300725","05341","2700","3170"
"1001299944","06776","725","2025"
"1001299944","06778","3225","3335"
"1002943642","51637","750","2150"
"1001298881","06783","350","1700"
"1001301671","02675","2600","3268"
"1002943219","50747","3050","3340"
"1001296871","46501","804","3021"
"1001302079","02517","2500","2974"
"1027938543","12662","2746","3249"
"1027938591","01378","80","812"
"1002943757","55389","2600","3001"
"1027938561","02582","350","825"
"1001300596","12772","2375","3300"
"1027938527","01004","2800","3011"
"1002943525","36464","2000","2895"
"1008405914","45728","2670","3007"
"1001297413","45748","2745","3043"
"1006139177","53725","2490","3260"
"1002942983","07742","2300","2445"
"1006138017","C2200","2150","2656"
"1001300756","07539","3200","3331"
"1001296997","06788","3103","3330"
"1001302416","A9406","2300","3312"
"1001299955","04336","2000","3070"
"1008447179","12393","2380","3295"
"1001299953","12007","2600","3231"
"1001304972","48943","2230","3182"
"1005742133","43318","3062","3293"
"1001301707","27523","2700","3060"
"1005742133","27528","2700","3070"
"1001304972","06789","3222","3327"
"1001299966","45790","2775","3035"
"1001295653","45822","2900","3042"
"1001302080","46066","2350","3270"
"1001302008","46034","2400","3265"
"1001303027","61590","0","3289"
"1005742149","51906","3050","3305"
"1001302085","36694","2100","3068"
"1001295336","36363","2380","3267"
"1002944137","B6909","2000","3300"
"1035942409","36442","2860","3253"
"1001301729","37666","2800","3255"
"1001301813","36345","2850","3242"
"1006139271","02208","0","512"
"1001298604","02389","6","535"
"1032577370","54518","2890","3214"
"1001299976","53013","2300","3264"
"1001304973","24340","2305","3272"
"1001299989","46497","2935","3243"
"1001302086","27017","2950","3261"
"1001301728","09190","2200","3268"
"1001299971","09173","2000","3264"
"1001299970","09941","2200","3258"
"1001299968","00022","3110","3269"
"1001302088","36936","2900","3269"
"1001302084","36622","2400","3260"
"1001301727","37868","2960","3325"
"1001298734","06791","2600","3300"
"1036447195","64184","2000","3261"
"1001303032","24379","2200","2375"
"1001296379","10588","2100","2300"
"1001300021","40134","2000","2878"
"1001305192","08980","2113","3105"
"1006139089","65032","2000","3195"
"1002944178","40078","2370","3100"
"1002944189","40073","2000","2400"
"1002944188","45193","2000","2390"
"1001304400","48280","2900","3257"
"1001195026","07819","2600","3295"
"1030420900","B5769","2900","3310"
"1006020923","33494","3010","3261"
"1006021088","66846","720","3275"
"1006027404","B7886","2600","3315"
"1001194961","C1937","2600","3090"
"1001195043","C2117","2600","2915"
"1001195100","G2217","2550","3050"
"1001195123","A8749","2600","3050"
"1001195241","04396","2600","3266"
"1030420951","C5623","795","2970"
"1001194994","28905","3250","3296"
"1001195017","04359","2650","3245"
"1001195000","04457","2550","3277"
"1001195404","27631","3200","3320"
"1002886790","25369","3299","3337"
"1006019647","06954","2700","3000"
"1001195428","18553","2600","3393"
"1002887098","40116","2600","3275"
"1001195416","10840","2700","3300"
"1001195361","F0137","2850","3323"
"1036878689","27434","3250","3310"
"1001195288","04371","2600","3277"
"1001195297","07357","2600","3305"
"1001195332","29435","1600","2655"
"1001301086","C1165","2670","3000"
"1001301642","48238","2600","3005"
"1001301643","04582","2600","3260"
"1001300974","08168","2800","3276"
"1001304391","34845","2000","3035"
"1001301639","30529","3147","3242"
"1001301641","61646","2500","3070"
"1001301228","28857","2675","3282"
"1002943920","12768","677","3269"
"1001301196","15988","2600","3275"
"1001305190","C5915","2850","3250"
"1001304392","49191","2200","2500"
"1001304392","49192","2500","3232"
"1001300171","49142","2100","2600"
"1001300171","49143","2600","3293"
"1001300172","49225","2200","2600"
"1001300173","00518","2800","3265"
"1001300174","49605","2600","3290"
"1001300176","50462","2600","3229"
"1001300178","52505","2800","3383"
"1001304396","02590","1600","3067"
"1001304404","29544","2790","3211"
"1001301646","54415","2796","3209"
"1001301647","54717","3200","3373"
"1001302151","50430","2800","3263"
"1001302152","50613","2800","3289"
"1001304405","07030","2535","3216"
"1001301657","36507","600","2900"
"1001304393","36621","3195","3210"
"1001301656","61624","2879","3193"
"1001304402","14966","2700","3232"
"1001304419","54266","2580","3269"
"1001300179","49261","2100","2500"
"1001300180","49258","2700","3249"
"1001300181","50659","2850","3255"
"1001304409","01713","2900","3186"
"1001300184","49251","2300","2500"
"1001300185","49614","2550","3276"
"1031373688","C4780","2000","2500"
"1006471348","49664","2890","3325"
"1001304417","30343","3150","3250"
"1001304416","04296","2600","3273"
"1001304414","48230","2100","3150"
"1001302153","50840","2800","3283"
"1001302154","04274","2850","3283"
"1002943814","38572","695","1165"
"1001301573","25556","2400","3200"
"1001296326","A4547","2250","2850"
"1001296451","44537","2800","3200"
"1001300208","26177","2800","3195"
"1001300814","C1095","2920","3278"
"1001304428","35802","2000","3201"
"1001304412","C2494","2220","2800"
"1006138177","C4264","2920","3250"
"1001300196","54810","2200","3250"
"1001300197","54374","2000","2800"
"1001300198","54210","2000","2510"
"1044190857","54068","2100","3160"
"1002943820","08543","2600","3295"
"1001300627","20033","2200","3306"
"1001300200","01839","2900","3261"
"1002943652","50099","3000","3340"
"1001300202","18666","2600","3290"
"1001302147","49394","2500","3250"
"1006138073","C0441","2300","3350"
"1001300203","30367","2800","3275"
"1001300204","36435","2500","3291"
"1001300205","26130","2850","3314"
"1001300811","28335","3000","3301"
"1001300812","54620","2000","2770"
"1001300812","54371","2770","3285"
"1001301475","A6472","2585","2950"
"1001301475","A6964","3152","3292"
"1001300206","49591","2400","3100"
"1001302150","50396","2800","3263"
"1006138211","C6340","2550","3250"
"1002943070","15959","1955","2750"
"1002943070","15960","2750","3318"
"1002943605","62235","2500","3364"
"1002943075","21682","2200","3370"
"1002943075","29006","3085","3330"
"1002943405","C1096","2700","3185"
"1002944174","F3547","2600","3330"
"1002943690","29428","2600","3256"
"1001304432","02031","1835","3194"
"1001297888","04232","2745","3105"
"1001301235","29803","3200","3372"
"1001301426","29852","2870","3310"
"1001300066","31211","3100","3226"
"1001304431","04494","2805","3103"
"1001302157","04475","2660","3292"
"1001301473","49389","3050","3248"
"1001295364","40277","2500","3195"
"1001300819","09274","2000","2900"
"1006138119","C2523","2600","3310"
"1006138023","B9945","2700","3245"
"1001300214","25950","2850","3027"
"1001300213","35676","476","1700"
"1001301454","35677","1700","2700"
"1001300820","04539","2550","3200"
"1006133198","61627","2565","2973"
"1006138169","C6338","2700","3258"
"1006134693","A2371","3070","3286"
"1001304442","04584","2650","3285"
"1001304439","04356","2750","3050"
"1001304440","07446","2790","3278"
"1001300217","04691","2600","3245"
"1006138239","C6599","2300","3198"
"1001304436","16447","3030","3202"
"1001301384","17322","2700","3268"
"1001301383","10013","2710","3234"
"1002943374","33330","1800","3301"
"1001304443","18171","2390","3318"
"1001301231","C1164","2735","3160"
"1001301152","26387","3000","3306"
"1001301112","C1055","3000","3336"
"1001305209","60145","700","3305"
"1006139301","41160","2200","2610"
"1006134650","A3496","3115","3341"
"1001301235","49280","2950","3180"
"1001301153","05120","785","3356"
"1001304451","49173","680","1400"
"1001304451","02009","2500","3297"
"1001301243","A8587","2500","2900"
"1006471385","61704","2500","3036"
"1001301087","34843","1500","3334"
"1001301385","G0020","2500","2900"
"1001304452","04164","2700","3100"
"1001304454","05090","3450","3569"
"1006133409","42212","2700","3322"
"1002943364","71231","2850","3295"
"1001301393","04137","2850","3341"
"1001304455","04324","2650","3284"
"1001301390","07603","2700","3324"
"1001300224","05417","2600","3265"
"1001300226","07741","2610","3292"
"1002943905","A9277","3100","3300"
"1001301391","07380","2600","3248"
"1001301064","16661","2700","3307"
"1001304459","04522","2600","3050"
"1001304458","27270","3200","3232"
"1001304456","04610","2600","3254"
"1001301389","45783","2500","3269"
"1001304457","54774","2700","3324"
"1001301392","08690","785","3355"
"1001304464","48371","2500","3253"
"1001300230","08782","2250","3342"
"1002943843","04311","2655","3255"
"1001300234","08377","2600","3278"
"1006135626","J9104","2540","3270"
"1001300892","F3225","2600","3314"
"1001300237","11160","2500","3325"
"1005746120","27927","2950","3400"
"1001301937","26134","2300","3300"
"1001301938","54907","3000","3230"
"1001301940","25461","2800","3020"
"1001301942","28522","2925","3275"
"1001302127","31685","2900","3277"
"1001300840","04205","3100","3254"
"1006135029","J8407","2900","3473"
"1001300250","05051","2732","3272"
"1001300251","17478","2795","3250"
"1001300253","48183","2575","3282"
"1001300838","26741","2900","3352"
"1001301935","G0564","2625","3308"
"1001301850","10609","2600","3316"
"1001304473","02162","2700","3361"
"1001300844","F0929","2900","3200"
"1006137443","38156","2900","3360"
"1001300848","05783","2600","3359"
"1001304469","44948","3200","3330"
"1001300847","54446","2850","3375"
"1006447223","B0499","2800","3375"
"1001300845","27540","3250","3349"
"1001304470","58330","950","2545"
"1001304470","44665","2504","3323"
"1001300259","54096","3250","3309"
"1001300845","54760","2705","3352"
"1001300260","54342","2900","3321"
"1001300257","54953","2900","3321"
"1006133989","68169","2300","3307"
"1002944036","68914","2800","3302"
"1001300846","54321","3358","3440"
"1001300846","54792","2900","3346"
"1001300262","G2714","2950","3200"
"1001300262","54421","3200","3340"
"1001300849","04350","3000","3240"
"1006137596","19864","2000","3400"
"1037034631","48200","3370","3410"
"1001300268","42683","2600","3264"
"1001300269","43590","2800","3299"
"1001300270","42917","2750","3266"
"1040000208","07622","2500","3378"
"1001301406","04395","2800","3285"
"1002943157","59133","2700","3375"
"1001301409","32579","3247","3285"
"1002943703","08251","2750","3310"
"1001300272","45939","2800","3300"
"1001301414","17466","2400","3310"
"1001302167","40924","2900","3276"
"1002942999","A8597","2400","2900"
"1005746120","54390","2900","3400"
"1001300855","08663","2550","3165"
"1001302098","63515","2250","2404"
"1002944193","40607","2000","2945"
"1002944193","40608","2945","3365"
"1001301429","04996","2275","2485"
"1001301425","49437","1600","3080"
"1001301425","49438","3080","3325"
"1001301574","04391","2370","3200"
"1001301574","43921","3200","3315"
"1001301426","30588","400","2870"
"1001301851","09950","793","3325"
"1001301851","09916","3245","3312"
"1002943218","03677","2340","3410"
"1002943025","09181","2350","3270"
"1002944192","63666","2200","3312"
"1001304509","08084","2894","3220"
"1001304512","45984","860","2880"
"1001300866","46004","2000","3031"
"1001300611","48390","1800","3185"
"1001300293","45977","2850","3303"
"1001300294","07335","2200","3263"
"1001300868","02248","2210","3280"
"1001304518","45723","2650","3291"
"1001304517","32584","2800","3250"
"1001304507","C6173","600","1600"
"1001301937","54639","220","1930"
"1006138903","62907","2300","2875"
"1001300998","13061","2800","3214"
"1001195188","06954","3218","3340"
"1006138430","C8763","2600","3371"
"1044078201","H0046","3240","3360"
"1044078201","H0044","2550","3240"
"1006138452","C8890","2690","3380"
"1006138595","D0062","2700","3333"
"1001302041","02018","2500","3141"
"1013359074","D5137","800","3380"
"1030624663","45970","2400","2931"
"1013359073","D5154","800","3360"
"1023732814","D5564","2350","3348"
"1036871622","D9009","2150","2600"
"1036806739","D9020","2910","3400"
"1030612787","D5640","1500","3000"
"1006138786","D3526","2200","3222"
"1006138821","D3846","2200","3300"
"1020066130","31943","2300","3115"
"1001302404","48985","3200","3365"
"1028179704","D6073","2260","3253"
"1001305191","19332","3000","3289"
"1039253882","E0790","2660","3350"
"1037555509","G0038","2200","2500"
"1037891226","D9956","2200","2600"
"1037891226","D9958","2600","3205"
"1005741933","04834","2800","2868"
"1001304408","33707","2550","3336"
"1043341321","E2632","2250","2996"
"1037034739","D9161","2389","2800"
"1044222051","E5986","2700","3210"
"1044171341","E5437","2200","2380"
"1044171341","E5439","2380","3275"
"1044182464","E5701","2600","2850"
"1044221415","E5959","2320","2740"
"1044221415","E5960","2740","3280"
"1044592236","E6898","2700","3020"
"1044562523","E6709","2570","3370"
"1044768461","E7843","2700","3375"
"1001303090","04352","2640","2800"
"1044592235","E6937","2600","3130"
"1044592235","E6938","3130","3270"
"1044593687","E6847","2950","3320"
"1044626707","E7236","2100","3274"
"1001304396","30021","2827","3065"
"1001302368","05319","2700","3135"
"1044593687","E6845","2600","2950"
"1008406689","32641","2230","2630"
"1044781707","E8078","2150","3030"
"1044578970","E8397","2350","3270"
"1001300261","54341","2900","3305"
"1031883191","04090","3103","3296"
"1002943335","24703","2200","2434"
"1001300204","29443","3200","3291"
"1044976414","E9566","2850","3250"
"1001304975","45778","2975","3030"
"1001296769","01998","3035","3148"
"1001300196","03858","3150","3250"
"1001302932","04845","2926","2990"
"1045105362","E9966","2680","3243"
"1046443930","F1860","2100","2700"
"1046453232","F1859","2800","3304"
"1043689748","E3225","2500","3275"
"1001301933","26030","2600","3250"
"1001302331","01938","2875","3007"
"1001304942","63839","2450","2944"
"1043124005","E3220","2300","2600"
"1043124005","E3233","2600","3340"
"1001300892","F3224","1300","2600"
"1046444369","F3724","2970","3228"
"1044976414","E9565","2110","2850"
"1046096010","27150","3150","3225"
"1001301895","F2632","2810","3158"
"1001301231","C1236","3160","3322"
"1001301937","29852","1930","2250"
"1001301706","04337","2700","3055"
"1001298604","53998","2870","3256"
"1002943526","05797","900","2400"
"1001296586","47953","2321","2366"
"1001301061","51828","3000","3338"
"1001195008","04149","2600","3000"
"1001195008","04150","3000","3271"
"1001301385","50363","2950","3270"
"1001300175","50386","2850","3295"
"1001195130","04159","2500","3220"
"1001300961","49092","2000","2500"
"1001300961","49093","2500","3174"
"1001300112","49080","2500","2800"
"1002943419","A8626","2650","3317"
"1001301060","19469","2600","3313"
"1002943089","54660","2650","3170"
"1001297126","61908","2600","3000"
"1001299779","54722","2220","2350"
"1001304460","54712","3324","3334"
"1001300187","50463","2600","3260"
"1001300186","50465","2500","3283"
"1006135221","J6011","2100","2600"
"1006135221","J6012","2600","3270"
"1001300909","54876","2640","3312"
"1001300289","04366","2600","3310"
"1006133198","61648","600","2080"
"1006133198","61649","2080","2565"
"1001194961","C1938","3090","3271"
"1001300196","54809","718","2200"
"1002943200","05525","2700","3376"
"1006138233","C6486","2700","3360"
"1001303152","A6541","2800","2990"
"1001299182","48987","2000","2300"
"1001299182","48988","2300","2993"
"1001300602","16930","2590","3287"
"1006797350","50441","2400","2800"
"1001304872","52531","2140","3168"
"1001302903","49097","2100","3100"
"1001304426","B0545","2650","3294"
"1031373688","C4781","2500","3325"
"1001300240","21181","2900","3100"
"1001304513","45926","2700","3297"
"1002943219","50746","2300","3050"
"1001304436","16441","2000","3030"
"1001300065","49125","3100","3197"
"1001299942","49125","1800","2400"
"1001304417","49128","2600","2900"
"1001304425","49049","2100","2300"
"1001302903","49098","3100","3170"
"1006797534","07685","1950","2935"
"1034470638","66565","3075","3090"
"1001299716","54065","2250","2386"
"1001300223","00187","2600","3285"
"1001299378","49271","2500","3192"
"1001304417","49129","2900","3150"
"1005450764","B0226","2885","3035"
"1002943650","51786","2600","3218"
"1001301538","10390","2100","3161"
"1001301410","24927","3200","3334"
"1001296436","19373","739","3005"
"1002942967","C1081","2860","3310"
"1001300838","68457","700","2700"
"1001303277","48373","3100","3318"
"1001302912","52325","2100","3120"
"1002943744","52337","1900","2400"
"1002943634","60324","2100","3215"
"1006139403","08928","2300","3345"
"1001300172","49226","2600","3279"
"1001300724","B1187","2495","3112"
"1001295362","09868","2100","3299"
"1001301865","07630","2170","2291"
"1001300258","54587","2910","3310"
"1001304941","B0831","2800","2976"
"1002943558","00328","2500","3180"
"1001304901","09604","2100","2275"
"1037343261","04949","2800","2912"
"1001304472","25538","2950","3245"
"1001304472","25539","3245","3351"
"1002943830","63400","2500","2942"
"1001303119","65425","2630","3292"
"1043931691","05120","2800","3106"
"1001300225","05495","2600","3289"
"1001299360","66376","2235","2399"
"1001301495","08247","2200","2360"
"1001194982","08257","2600","3294"
"1001297491","54447","2300","2380"
"1006139377","54448","2500","3060"
"1001300815","15401","2650","3244"
"1001302929","29279","3003","3154"
"1001300184","49252","2500","3189"
"1001302363","55496","1690","2400"
"1001305023","30470","2300","2412"
"1001301941","25461","2850","3308"
"1001301940","25441","3020","3256"
"1001301899","55264","183","690"
"1006134443","A1025","2780","3250"
"1001302088","C1548","2400","2900"
"1001195188","06954","3218","3340"
"1001195114","06954","2665","3253"
"1006019647","06955","3000","3390"
"1001299981","27556","1030","2760"
"1002942984","A7390","2295","2430"
"1001299872","01740","1950","2922"
"1001300206","49592","3100","3252"
"1001301678","49593","2200","3355"
"1001300219","49594","2848","2978"
"1001299917","49257","2645","3151"
"1001300180","49257","2300","2700"
"1001300179","49262","2500","3211"
"1006133322","B7047","2350","3300"
"1001299989","C1594","2200","2560"
"1001299989","C1599","2560","3243"
"1001302974","25592","3100","3197"
"1001298374","08082","2050","2303"
"1001304937","54570","50","930"
"1001300689","54610","2250","2374"
"1044190857","54624","3160","3202"
"1001304437","04244","2600","3255"
"1001300855","08610","3165","3353"
"1001299804","35128","2285","3271"
"1001302874","31464","2800","2915"
"1001299738","46110","1600","2319"
"1005742144","46125","2350","3292"
"1001304957","12900","2775","3150"
"1044015528","E4351","2650","3200"
"1005741634","09443","2100","2320"
"1001300020","45888","2900","3073"
"1001295907","49102","2000","3000"
"1001299887","49108","2000","2500"
"1005741868","45743","2600","2951"
"1031523831","45733","2990","3266"
"1001304412","30203","2200","3266"
"1001299731","54643","2250","2342"
"1001299770","14518","2350","3000"
"1001299860","48350","3000","3115"
"1001300246","04876","2923","3223"
"1001305019","04880","2700","3066"
"1001299900","04885","2700","2889"
"1006136669","B2368","2200","2490"
"1001303054","02390","35","385"
"1001303054","02391","385","500"
"1030420951","C5568","2970","3335"
"1001303089","12190","2150","3113"
"1006797313","07210","2100","2289"
"1001302435","07208","2300","3061"
"1001302155","12338","2600","2898"
"1001299683","08598","2100","2350"
"1006137179","B5630","2260","3298"
"1001195180","28897","3250","3293"
"1037782263","29006","3085","3330"
"1001298441","45750","2840","2980"
"1001195370","07150","2600","3299"
"1001302154","09211","2600","3323"
"1001298734","54732","2300","2397"
"1001300214","54933","600","2275"
"1001300251","05051","2600","2782"
"1001300074","08459","1800","2340"
"1001304450","02080","2970","3333"
"1001304394","02082","2951","3314"
"1001301673","07848","2500","3280"
"1035119535","07872","2500","3216"
"1001300271","28316","3200","3302"
"1006138954","63359","2200","2750"
"1001301939","25371","2690","3286"
"1001302835","49488","1400","2950"
"1001299665","49491","2400","2550"
"1001295367","49505","2400","3125"
"1001304459","04523","3050","3252"
"1005741557","49530","1530","2900"
"1005741557","49531","2900","3237"
"1001304431","04495","3103","3330"
"1001298811","30246","3099","3285"
"1001295513","00970","2600","2980"
"1001303142","52410","1900","2420"
"1001300072","52413","1900","2400"
"1001304399","52414","3045","3228"
"1042915971","E4335","3000","3102"
"1042915971","E4338","2140","3000"
"1006135031","A5374","1700","2070"
"1001301573","25552","3200","3466"
"1006135031","A5375","2070","2500"
"1001299981","26258","0","1030"
"1001299914","49118","630","1200"
"1001299914","49120","3008","3252"
"1001300065","49124","2100","3100"
"1001297153","65328","2600","2891"
"1001298534","65333","2400","2904"
"1001304464","00227","2972","3049"
"1001299739","46394","1600","2305"
"1001302081","46396","1700","2700"
"1002943642","51638","2150","3347"
"1001302081","46397","2700","3287"
"1001301811","46408","1900","2280"
"1005741904","A9859","2800","2963"
"1002944024","61822","2100","2910"
"1006139007","64692","2250","3300"
"1035119535","A6869","2801","3216"
"1002943208","00543","3350","3410"
"1001302435","07112","600","2300"
"1001302435","07112","600","2300"
"1001300216","04689","2150","2600"
"1001300216","04690","2600","3276"
"1001304986","31746","2700","3100"
"1002943544","12880","2220","3210"
"1001302995","07763","10","2331"
"1002943144","10263","1090","2895"
"1002943832","65355","2925","2934"
"1001301387","08808","2650","3300"
"1002943828","65374","2400","2600"
"1002943828","65375","2600","2896"
"1001298441","45752","2540","2840"
"1006514336","45759","2600","2988"
"1001301725","45809","2740","3053"
"1006514384","45829","2500","3308"
"1001299813","45708","2605","3185"
"1001300706","52383","2500","3123"
"1006797885","52391","1890","2400"
"1001302015","52380","1900","2410"
"1006799198","47460","2550","2790"
"1006799198","47461","2790","3233"
"1001304508","05702","1500","2702"
"1006135811","J9916","2000","2790"
"1006135811","J9917","2790","3355"
"1001302083","09150","2000","3265"
"1001297268","09156","2100","2340"
"1001305190","B0231","2900","3150"
"1001301842","09176","2150","2370"
"1002943025","09180","3270","3310"
"1001299392","55112","2100","2390"
"1001302017","01641","2250","2396"
"1001299928","66342","2075","2250"
"1001295492","66347","1460","2405"
"1001295492","66348","2405","3135"
"1001295492","66349","10","743"
"1006136921","B3705","2700","3360"
"1008333741","10509","2000","2351"
"1001301243","26262","2900","3365"
"1001303261","04275","2800","3185"
"1001300215","A9556","2875","3200"
"1006514336","46514","2989","3160"
"1001302167","68439","650","2900"
"1001304972","48944","3182","3327"
"1001304986","54007","2100","2700"
"1006135648","J9132","2200","3200"
"1006134021","68355","2300","3334"
"1001302929","48303","3131","3154"
"1001301235","49279","1800","2950"
"1001299362","49236","3125","3214"
"1001305018","04006","2900","3079"
"1001304395","54331","2695","3234"
"1001301899","55376","2600","3100"
"1001304451","49174","1400","2800"
"1001301032","50632","2600","3000"
"1001301032","50633","3000","3236"
"1001301138","12109","2200","3225"
"1001301934","56419","2606","3283"
"1006559604","26939","2650","2923"
"1001298534","03935","2914","2984"
"1001295465","01190","675","758"
"1006470999","08791","2740","3150"
"1001301230","31293","3367","3432"
"1002943618","61897","750","3270"
"1001296325","A4608","820","3314"
"1001296639","13501","2150","2600"
"1001305010","02574","2490","3076"
"1001295525","02577","2600","3015"
"1008579940","25435","3050","3112"
"1001300837","C1101","2575","3140"
"1006028358","C0298","2790","3450"
"1001304508","05703","2702","2926"
"1037989876","05705","2600","3029"
"1001297718","11169","2650","2834"
"1006137145","64828","2700","3280"
"1001303113","16837","2200","3120"
"1001301814","11684","1700","3115"
"1001304481","31529","100","1895"
"1006135013","A4881","700","3207"
"1001304418","71399","2550","2730"
"1006138903","62908","2875","3230"
"1006135610","J8560","2200","3375"
"1001300197","63073","2840","3282"
"1002943090","11596","2600","3346"
"1001299741","55659","2205","2348"
"1002943801","52424","1900","3505"
"1001299664","62434","1800","2950"
"1001299664","62435","2950","3260"
"1006134605","A2362","2000","2345"
"1001299737","46737","2000","3157"
"1027938545","63388","2250","2954"
"1005741917","55317","2876","3109"
"1001302431","17319","2100","2530"
"1001302431","17320","2530","3000"
"1002943166","10198","2100","3200"
"1006030213","10205","2600","3320"
"1001300775","28339","3200","3266"
"1001295650","49585","2440","2850"
"1001295650","49586","2850","3262"
"1001301498","08548","2010","2430"
"1002943967","55302","2550","2960"
"1001304412","C2495","2800","3266"
"1001300564","20059","2300","3297"
"1006135548","J8828","2730","3384"
"1001301926","66023","2220","3145"
"1001297800","50653","2200","3149"
"1001303160","50943","1900","2400"
"1013359072","D5124","800","3360"
"1001299982","54129","2300","3256"
"1037782333","54138","2000","2605"
"1001299822","54149","2000","3229"
"1034470638","66006","3090","3183"
"1006135023","A4896","2600","3286"
"1001304972","29868","2350","3327"
"1006136934","B5419","2200","3150"
"1002943863","68552","2510","3388"
"1001304979","49974","2100","2375"
"1001195417","C1932","3000","3307"
"1001302271","A6869","2700","2933"
"1005742133","27529","2950","3068"
"1006135225","J5735","1450","1810"
"1001302403","09751","2200","2456"
"1001302418","09799","2100","2314"
"1001305199","27134","2800","3189"
"1030571764","D6831","2500","3250"
"1030571764","D6832","3250","3400"
"1031432001","D6950","2250","3297"
"1002943375","70509","3300","3335"
"1001304507","C1423","2920","3176"
"1036550785","D8944","3080","3335"
"1001303054","21524","2300","3225"
"1001302833","10289","3010","3160"
"1001303277","A6936","2845","3318"
"1006797322","08144","2100","2310"
"1036762764","D9027","2600","3427"
"1042193593","E1511","2050","3216"
"1036871622","D9011","2600","3220"
"1044895642","A7274","2701","2974"
"1043341321","E2633","2996","3225"
"1006133212","D5466","2000","2900"
"1037449887","D9726","2300","3248"
"1042907686","E2169","2450","3390"
"1037034739","D9162","2800","3450"
"1044740541","E8043","2500","3050"
"1044740541","E8048","3050","3400"
"1044781707","E8080","3030","3239"
"1044562856","E6428","2100","3250"
"1043124001","F4934","2500","3350"
"1044222051","E5984","2200","2700"
"1044636422","E7231","2750","3400"
"1044821087","E8256","2200","3230"
"1044221414","E5947","3210","3265"
"1044221414","E5950","2210","3210"
"1044221415","E5958","2100","2320"
"1044825596","E8369","2250","3219"
"1006018717","39964","2550","3264"
"1001300270","42916","2600","2750"
"1002944178","40077","2000","2370"
"1002944133","40218","500","3180"
"1006133198","40284","2500","3180"
"1001300892","F3223","600","1300"
"1006136934","40962","2800","3164"
"1001303147","44166","2000","3233"
"1045141105","F0395","2100","2366"
"1045141105","F0397","2366","3202"
"1006139301","41161","2610","3346"
"1001300563","41187","2500","3303"
"1006139401","44484","3135","3332"
"1006139141","F2694","2900","3200"
"1001295448","17325","2200","2933"
"1001304941","41640","2500","2976"
"1046453232","F1858","2100","2800"
"1046444369","F3725","2100","2970"
"1044195186","42277","2500","2900"
"1001301707","42415","3060","3276"
"1001301229","42532","2850","3260"
"1006133186","39617","2200","3288"
"1001300268","42682","1870","2600"
"1001301405","42683","2000","2500"
"1001301405","42684","2500","3200"
"1001301405","42685","3200","3353"
"1001302894","43732","2100","2350"
"1001299860","43815","590","1675"
"1002944149","39856","2000","3150"
"1006514328","43853","3270","3335"
"1001300760","32647","2400","2552"
"1001296659","32208","2100","3232"
"1001303180","32277","2525","3034"
"1001300078","37138","650","2400"
"1008712735","30686","2951","3290"
"1001295540","30758","482","3009"
"1001301893","26582","2900","3179"
"1001303090","32333","2800","3283"
"1001300859","37307","700","3205"
"1001300859","37308","3205","3415"
"1001301733","26635","2700","3130"
"1002943219","26639","3200","3340"
"1001299959","26653","1500","3048"
"1006797389","26704","2750","2905"
"1001298831","29934","1920","2643"
"1001298498","29943","600","2750"
"1001298423","26752","2525","2815"
"1001301937","26776","2200","2300"
"1035942439","26846","2400","3258"
"1001302126","26916","3000","3301"
"1001301655","30193","2935","2983"
"1001296107","30265","2800","2915"
"1001303166","37765","2600","3028"
"1002943957","28743","3050","3130"
"1001301230","28754","3274","3345"
"1001304884","27062","3100","3192"
"1001304468","27062","2950","3277"
"1001304492","27076","3200","3334"
"1001304481","30363","1895","3321"
"1002943375","30385","1090","2830"
"1001300182","30448","3000","3239"
"1006514468","30521","2985","3138"
"1001301727","37867","750","2960"
"1002943981","28795","2760","2841"
"1001300839","24594","3300","3536"
"1001304400","38077","2000","2231"
"1044121782","37967","2010","2964"
"1001302148","32712","2800","3295"
"1001301876","32715","2850","3210"
"1001303048","32717","2500","2900"
"1036126921","32885","750","2655"
"1036126921","32886","2655","3266"
"1001295465","38083","2600","3019"
"1001304400","38115","2231","3257"
"1001305042","38122","2400","3042"
"1001303163","38218","2000","2305"
"1037034625","29594","2100","3287"
"1001302440","33275","275","3241"
"1002943374","33329","10","1800"
"1002943814","38573","1174","2265"
"1002943558","38576","120","980"
"1001302891","27181","2650","2940"
"1006133472","33444","2300","3305"
"1006020923","33493","2800","3010"
"1001299981","27467","2760","3271"
"1002943081","38886","2000","2900"
"1002943081","38887","2900","3385"
"1001305013","27728","3247","3272"
"1001302095","27799","2850","3179"
"1001300857","39031","2900","3450"
"1002944034","34653","2300","3260"
"1001304975","36447","2200","3050"
"1001304975","36448","3050","3244"
"1001302406","28068","2650","2855"
"1001304434","33891","2800","3226"
"1006133551","33910","259","3215"
"1006133551","33911","3215","3355"
"1001304391","34844","400","2000"
"1001301412","28311","2840","3350"
"1001298492","31380","2900","3205"
"1028016361","28406","2700","3269"
"1001300198","26031","2900","3190"
"1001302882","26037","2905","3249"
"1001301230","32045","3274","3345"
"1001304992","32053","2215","3479"
"1001304992","32054","986","2215"
"1001300053","32103","190","2000"
"1001302149","32123","2850","3079"
"1001300054","30873","160","1500"
"1001301942","28552","2925","3275"
"1001300182","49152","2100","3000"
"1001302247","49154","2200","3221"
"1001303279","49192","2200","2500"
"1001299920","49195","2205","2942"
"1001301700","49301","615","2427"
"1001301473","49387","1500","1900"
"1001301473","49388","1900","3050"
"1001300279","45196","2551","3045"
"1001302082","46076","2700","3250"
"1001300292","46077","2250","3295"
"1001303014","46126","2720","3268"
"1001301425","49436","0","1600"
"1001302840","49441","2100","3100"
"1001302840","49442","3100","3173"
"1001296170","49478","2500","3213"
"1001304882","49492","2808","2915"
"1001295367","49506","3126","3435"
"1001301889","49568","3100","3137"
"1001295495","49569","790","3200"
"1001304516","46287","2750","3295"
"1001304895","46288","1600","2332"
"1001301582","46289","1600","2307"
"1001299743","46300","710","2281"
"1001299909","46331","2100","3170"
"1001299925","46339","2075","2260"
"1001298386","46377","1600","2292"
"1002943871","49603","2500","3040"
"1002943871","49604","3040","3278"
"1001302125","49616","2800","3120"
"1001303284","49644","3100","3168"
"1005741523","49695","2800","3172"
"1001303080","46463","1900","2470"
"1001299989","46496","2200","2935"
"1028097200","50047","2750","3303"
"1006797630","45702","2705","3255"
"1001302375","45714","2889","3171"
"1001304407","45722","0","3045"
"1001300774","45726","2650","3049"
"1001298001","45756","2600","3130"
"1001299756","45761","2000","2480"
"1001299306","45816","2750","3060"
"1002943707","45820","1900","3250"
"1001301815","45948","2680","3005"
"1006797469","45957","2871","2897"
"1027808573","45961","2000","3222"
"1001304512","45983","0","860"
"1001302367","46059","2800","3253"
"1001304991","46063","2400","3144"
"1001302331","36264","2835","3007"
"1001301813","36344","2200","2850"
"1001295336","36362","55","2380"
"1001301057","50058","2800","3308"
"1001304996","50219","2700","3030"
"1035942409","36448","2200","2860"
"1006137596","36562","2300","3329"
"1001302040","29045","2800","3177"
"1001302085","36695","3068","3268"
"1006133512","33988","2200","3025"
"1001300809","29196","2850","3325"
"1002943690","29429","290","2600"
"1002943375","29436","2830","3300"
"1001302434","27277","1600","3121"
"1001300255","38890","2300","3357"
"1002943046","38906","2300","3340"
"1001303157","34239","3003","3236"
"1001304410","47614","2910","3190"
"1001299939","34536","3100","3150"
"1001300058","47754","1900","2990"
"1001302879","26375","2650","2937"
"1001295364","26532","3195","3315"
"1001304976","37043","2700","3125"
"1001304976","37044","3125","3263"
"1001300193","47981","2600","3270"
"1001299959","26600","65","1500"
"1001301087","34842","10","1500"
"1001304438","48165","2500","3210"
"1001301111","48226","2550","3290"
"1001304413","48227","2530","3072"
"1001304464","48370","10","2500"
"1001304464","48372","3253","3362"
"1001305191","48382","2800","3000"
"1001305191","48383","3000","3289"
"1002943396","42381","3000","3295"
"1001303199","32845","2765","3210"
"1001303199","32847","2405","2760"
"1001305211","33040","2600","3035"
"1001305211","33041","3035","3384"
"1001300603","48419","2300","3315"
"1001297640","33108","3111","3161"
"1001303278","33215","2000","3035"
"1001304975","25254","2845","3244"
"1020066130","31921","800","2300"
"1001195332","25580","2655","3332"
"1001303090","30009","1500","2640"
"1001303090","30010","510","1500"
"1001299778","48965","2100","2390"
"1001299778","48966","2390","3231"
"1001304398","48973","2000","3232"
"1001304425","49050","2300","3212"
"1001302010","49051","2600","3190"
"1001296395","49063","2100","2600"
"1001296395","49064","2600","3173"
"1001300112","49081","2800","3160"
"1001299897","49085","2000","2100"
"1001299897","49086","2100","3168"
"1001299887","49109","2500","3170"
"1001295556","44910","1995","2945"
"1001295556","44911","2945","3150"
"1001301454","35676","476","1700"
"1001300213","35677","1700","2700"
"1001300213","35678","2700","3188"
"1001301454","35678","2700","3188"
"1001304428","35801","10","2000"
"1001304928","30084","2924","3167"
"1001301399","30428","2930","3346"
"1001296781","03211","2450","3180"
"1002943164","09229","2100","2335"
"1001300864","09281","2200","3258"
"1001304449","09328","2300","3297"
"1001298329","09329","2000","2330"
"1008405116","17272","2600","3250"
"1001301384","17321","1940","2700"
"1001304470","03400","3318","3323"
"1001304908","07428","2100","2331"
"1001300053","05760","2650","3006"
"1001304493","05800","2900","3160"
"1001300711","05823","2505","2913"
"1001299883","05851","2100","2278"
"1001300857","13637","2200","2900"
"1002943333","04115","2000","3050"
"1002943333","04116","3050","3310"
"1001301230","04163","2560","3244"
"1001304452","04166","3100","3290"
"1001301936","04171","2550","3340"
"1001300840","04204","2500","3100"
"1002943334","04233","650","2433"
"1008498651","01456","2800","3232"
"1001295862","01611","2850","3277"
"1001299762","50322","2932","3206"
"1005741776","04267","2200","3100"
"1005741776","04268","3100","3240"
"1001304439","04357","3050","3270"
"1001299881","50643","2200","3160"
"1005741565","50646","2740","3192"
"1001194972","04420","2550","3280"
"1001303141","21652","1900","2340"
"1001302018","21750","1900","2415"
"1039408535","21785","1900","3200"
"1006514429","21795","680","2950"
"1002943839","50992","2000","3137"
"1001304461","04582","2600","3265"
"1001304469","04648","2700","3200"
"1001302056","04653","2100","3100"
"1001300869","04655","2300","3330"
"1001302320","04674","2300","3170"
"1001303817","12262","2200","3180"
"1001304445","04713","2100","3286"
"1001303205","04816","2800","2985"
"1030624665","04834","3000","3128"
"1001302190","09757","2100","2324"
"1001298907","09804","2990","3250"
"1001302049","09820","2200","2360"
"1001299654","09955","2000","2905"
"1001299044","09973","310","2350"
"1008447179","12638","110","900"
"1001299671","04839","2800","3170"
"1001304925","04843","2700","2916"
"1001305061","04845","2800","2950"
"1001304883","04856","2913","3170"
"1001296984","04890","2700","3050"
"1001295551","04897","2500","3132"
"1001303085","04906","2860","3111"
"1001298373","04909","2900","3083"
"1001302910","04939","2500","2924"
"1001299877","04942","2750","2880"
"1005741944","10219","2100","3151"
"1001303048","54076","2900","3320"
"1001300249","05033","2745","2826"
"1002943521","05060","2890","3310"
"1001304406","05090","2640","3045"
"1040001288","05112","2800","3365"
"1001300222","05135","2930","2952"
"1001299907","10314","170","2600"
"1001299732","54091","2250","2384"
"1001300259","54095","2900","3250"
"1006139419","54096","2400","2900"
"1006139421","54097","2000","2550"
"1001301399","05231","2600","3346"
"1044250304","05262","3074","3283"
"1001301381","10673","2600","3290"
"1001300723","05328","2816","2850"
"1001303139","21702","675","2410"
"1006797848","21709","1900","2390"
"1001300235","08164","2600","3260"
"1001296180","08167","2050","2290"
"1001302063","08172","1800","2380"
"1001302832","08218","2870","3170"
"1001295536","08277","2100","2430"
"1001300894","08290","2600","3303"
"1001303814","08314","2050","2920"
"1001299651","10354","2130","3127"
"1002944003","03184","2600","3310"
"1039147778","03197","2690","3090"
"1001302893","08627","2000","2400"
"1001304493","08818","3160","3296"
"1001302006","08850","2250","3258"
"1031640102","06780","2450","2900"
"1001302043","06782","2450","3000"
"1001298881","06784","1700","3250"
"1001298881","06785","3250","3347"
"1001299947","06785","2306","3013"
"1001296997","06787","2700","3103"
"1001304972","06788","2350","3222"
"1006797630","06789","2650","2750"
"1006797630","06790","2750","3255"
"1001302088","06790","3286","3305"
"1001304984","06792","2480","3000"
"1001304984","06793","3000","3266"
"1028097192","06793","2800","3112"
"1001303058","06794","3102","3282"
"1001302243","06797","2895","3074"
"1001303123","06797","290","1000"
"1001303123","06799","2550","3065"
"1001301594","06799","560","1400"
"1001301594","06800","1400","2800"
"1001301594","06801","2800","3194"
"1034470638","06803","700","2800"
"1034470638","06804","2800","2988"
"1006514467","06814","2800","3150"
"1001301394","07102","3055","3336"
"1002943795","14762","2300","3282"
"1001300227","07339","2700","3294"
"1001304441","07348","2700","3289"
"1001303005","07510","2150","2280"
"1001300756","07562","2400","3200"
"1001300817","07569","2500","3219"
"1005741636","54383","2090","2438"
"1008404903","54404","2500","3177"
"1001302399","54409","2250","3058"
"1001300691","54419","2550","2670"
"1001302394","54433","3019","3236"
"1001299826","54449","2530","3065"
"1001304462","12717","2700","3000"
"1001304462","12718","3000","3255"
"1001302068","07661","770","2580"
"1001304910","07662","2050","2305"
"1001302068","07663","2580","3304"
"1001299760","07670","2335","2950"
"1002943001","07680","1950","2242"
"1001299180","07833","2100","2297"
"1001302941","54484","2000","2248"
"1001302941","54485","2248","3116"
"1001304937","54506","930","2030"
"1001300197","54506","2840","3282"
"1046096010","54509","2900","3289"
"1032577370","54517","2300","2890"
"1001296714","54523","2000","2380"
"1036041745","54524","2700","3279"
"1001299820","54525","2100","2871"
"1001296957","54527","2250","2390"
"1044195189","54528","14","2450"
"1001299733","54557","2250","2317"
"1001303112","54571","2900","3103"
"1001298620","12743","1800","2400"
"1001298407","07934","2100","2296"
"1001299977","54607","2300","3248"
"1006139421","54650","2982","3050"
"1001304460","54689","2650","3330"
"1001301645","54778","3211","3227"
"1033932280","05604","2700","3263"
"1033932280","05604","2700","3150"
"1001302913","05610","1700","2775"
"1001302913","05611","2775","2916"
"1006797350","50442","2800","3133"
"1001295379","50492","2500","3000"
"1001301648","54955","2200","3315"
"1001302938","55035","2950","3131"
"1001302363","55165","2400","2915"
"1001302973","55172","2200","2775"
"1001302973","55173","2775","2877"
"1001295497","55179","2715","2943"
"1005741636","55180","2000","2090"
"1001303149","55186","2500","2800"
"1001303149","55187","2800","2980"
"1001303150","55188","2440","2994"
"1006514442","55190","2500","3010"
"1001295657","55196","2500","2952"
"1001301892","55208","2600","3178"
"1043986269","10937","767","2860"
"1006797278","11000","2100","2325"
"1001299884","58220","2500","2915"
"1001302439","19175","2310","3030"
"1001295571","55295","2994","3162"
"1039405049","55299","2400","2917"
"1027938591","55359","2300","2800"
"1027938591","55360","2800","3245"
"1001301898","55436","2900","3236"
"1001295571","55448","2400","2640"
"1001300713","55453","2465","2940"
"1001302271","55460","2450","2700"
"1001302939","55465","1460","2893"
"1006797469","55489","2500","2897"
"1001302064","55489","2500","2750"
"1001305029","55495","2200","3011"
"1001300026","11864","2200","3263"
"1001301605","52282","2000","3164"
"1001302021","52373","2000","2379"
"1002943781","52375","1900","2383"
"1001302013","52467","1900","2375"
"1001302373","55937","830","2400"
"1001302373","55938","2400","3265"
"1002943987","21535","1900","2425"
"1001303161","21536","2300","2877"
"1001302033","56125","25","1200"
"1001302033","56127","2600","3320"
"1001303082","08463","2150","2429"
"1005741951","08490","2000","2950"
"1006797296","08593","2000","2340"
"1006470999","08936","2000","2740"
"1002943126","56864","2800","3380"
"1006797854","21737","1900","2410"
"1001304955","21929","3249","3310"
"1006139173","53454","2300","3100"
"1005742002","09538","1950","2333"
"1001301082","09613","2150","2900"
"1001301082","09614","2900","3210"
"1001302897","09631","2000","2410"
"1001301841","09635","2200","2416"
"1005741929","09640","2000","2300"
"1028097198","16907","880","2500"
"1001299776","53643","2200","2850"
"1006139215","53685","2300","3254"
"1001300819","09275","2900","3255"
"1001300231","09492","2390","3310"
"1001302271","06764","2700","2933"
"1006797371","06765","2690","2880"
"1006138255","06766","2740","2918"
"1002943828","06767","2800","2912"
"1001302938","06768","2850","2950"
"1001300077","06773","2500","2800"
"1001302397","06774","2850","3115"
"1001300077","06774","2800","2901"
"1001303276","06774","2900","3260"
"1001295517","06775","2885","3050"
"1001299341","06775","2300","2600"
"1001299341","06776","2600","3030"
"1001299944","06777","2025","3225"
"1005742017","06779","2700","2861"
"1001302055","06779","2700","2860"
"1001302114","54177","2250","2485"
"1001302915","66359","2050","2275"
"1001303146","66440","2200","2390"
"1001302975","66475","2665","2998"
"1002942999","A6835","2900","3365"
"1001300843","A8704","2500","3364"
"1001302400","61347","3070","3174"
"1001298761","61561","2350","3272"
"1001303027","61590","0","3289"
"1001301945","61638","2620","3090"
"1001302088","A9234","3286","3305"
"1002943905","A9288","2600","3100"
"1001298498","01744","3060","3219"
"1001299757","02276","2000","3000"
"1001295907","02294","2700","3123"
"1001299769","00025","2750","3204"
"1001300696","00082","2900","3297"
"1001299885","00083","2324","2907"
"1001299906","00088","2700","3165"
"1001295550","00156","2300","2997"
"1001301235","00697","2900","3372"
"1006134650","A3495","2650","3115"
"1001298821","01240","2900","3148"
"1001301364","01300","2600","3055"
"1006138926","64933","2300","3190"
"1001298831","68502","1400","1920"
"1006139127","65029","2200","2840"
"1001303068","23661","3020","3130"
"1001304884","59842","2974","3100"
"1006447236","66048","2800","3365"
"1001299911","66292","2100","3175"
"1001302906","66319","2075","2244"
"1001296455","66319","2075","2252"
"1001305013","A5994","3103","3272"
"1001300011","61465","2300","3256"
"1001300012","61475","2500","3261"
"1001303114","61482","2100","2380"
"1006134405","A1017","2600","3160"
"1001301385","A6252","2900","3270"
"1002943600","62738","2200","2750"
"1002943600","62739","2750","3260"
"1006138930","62948","2000","2700"
"1006138930","62949","2700","3200"
"1006134622","A2082","1500","1900"
"1006134622","A2083","1900","3430"
"1006134693","A2369","2600","3070"
"1001302397","A7017","2850","3115"
"1006138255","A7038","2740","2918"
"1001304954","02456","2600","3088"
"1001304954","02457","3088","3251"
"1006134403","A2855","1600","3345"
"1001303270","02646","2500","3174"
"1001298486","02663","2850","3075"
"1001299916","00121","2750","3158"
"1006133799","00646","2500","3264"
"1001301672","00653","2500","3008"
"1006514354","23461","3010","3289"
"1001296566","00946","2285","3168"
"1002943814","01022","2265","3253"
"1006134095","69342","2800","3345"
"1006139407","64425","1590","2625"
"1006139017","64461","1500","2200"
"1006139019","64513","2200","2500"
"1006139019","64514","2500","3174"
"1006139051","64755","2500","2849"
"1006138944","64806","2500","3165"
"1001296326","A4549","2850","3295"
"1001299993","24350","2200","2426"
"1037343261","65295","90","950"
"1037343261","65296","950","2650"
"1001298534","65341","2901","2913"
"1001295475","65349","2400","2629"
"1001295475","65350","2629","2887"
"1033764471","65383","2500","2898"
"1001304930","65384","2400","2975"
"1002943407","60534","2650","3355"
"1001304418","71400","2730","3385"
"1001301058","60932","2000","3198"
"1001195043","C2118","2915","2915"
"1001303197","B3450","2600","3047"
"1030420900","B5268","2500","2900"
"1030386162","B5771","2500","3265"
"1030612787","D5641","3000","3275"
"1001302084","B6825","80","3290"
"1006133204","B6968","1500","3080"
"1006133308","B7036","2000","3249"
"1006133366","B7098","2200","3090"
"1001195033","B1126","2780","3246"
"1002944053","B1141","2200","2440"
"1002943844","B1153","3095","3239"
"1006138177","C4263","2150","2920"
"1001301475","B1363","2950","3152"
"1006137890","B9219","2680","3216"
"1006138801","D3706","2200","3236"
"1001300814","C1094","2700","2920"
"1002943405","C1097","3185","3340"
"1001305205","C1136","2515","3164"
"1001301086","C1164","2100","2670"
"1006139401","C5567","3000","3130"
"1006138288","C7397","2280","3190"
"1001190004","B6527","2575","3448"
"1002944172","C1606","2600","2956"
"1001195218","C2160","2600","3291"
"1001304507","B7473","2900","3176"
"1001302055","B1000","2700","2860"
"1006136635","B1031","2200","2490"
"1032577356","B4032","830","3150"
"1032577356","B4033","3150","3297"
"1006135029","J8406","2200","2900"
"1006135225","J5736","1810","2420"
"1036283008","D8901","2200","3270"
"1001302097","G1981","2231","2407"
"1037555509","D7203","2500","2870"
"1037555509","D7206","2870","3275"
"1001299765","F1332","3282","3285"
"1002943407","24982","3250","3355"
"1036806739","D9019","2600","2900"
"1001300110","24714","300","1020"
"1001298734","24776","2600","3300"
"1001297292","06791","2895","3268"
"1046223650","F1671","2110","2900"
"1046223650","F1672","2900","3215"
"1006135648","F2187","3200","3744"
"1044089972","E4283","2620","3360"
"1043982114","F5069","2300","3240"
"1006135451","J8478","2290","2530"
"1006135451","J8479","2530","3330"
"1001296327","J6065","2900","3130"
"1006135600","J8593","1370","3213"
"1031523831","G1450","2800","2950"
"1006136257","G2113","2700","3345"
"1001195100","G2236","3050","3268"
"1001300844","F0965","3200","3378"
"1001300844","F0980","2500","2900"
"1044059649","E4276","2600","3320"
"1044592236","E6901","3020","3370"
"1044015528","E4353","3200","3440"
"1047019498","F4506","2240","3320"
"1042325173","24926","3115","3219"
"1002943396","28014","3295","3395"
"1001301689","28562","3000","3181"
"1044562523","E6708","2250","2570"
"1045105362","E9965","2090","2680"
"1044856111","E8491","2590","3377"
"1044182464","E5705","2850","3410"
"1046443930","F1857","2700","3209"
"1001299091","27349","3110","3214"
"1046115873","29314","3291","3405"
"1002943333","24887","2950","3310"
"1006136245","F7729","2100","3201"
"1046822471","F4205","2050","3200"
"1006135773","F8129","2400","3313"
"1006135913","F8142","2000","2600"
"1006135913","F8132","2600","3223"
"1006135650","F6684","2500","3189"
"1006136231","F7560","2300","3208"
"1006136027","F9215","2300","3250"
"1006135773","F8114","2000","2400"
"1006135993","G1385","3050","3260"
"1052370530","X1321","2450","3100"
"1052370530","X1322","3100","3260"
"1006136226","G1836","2270","3339"
"1006514337","G2051","2325","3118"
"1052453823","X1726","2500","2900"
"1052453823","X1741","2900","3250"
"1006020969","36826","2800","3292"
"1001300188","G1302","2700","3214"
"1001302910","35898","2924","3157"
"1006136157","G0782","2300","3275"
"1006135367","51660","2000","3130"
"1001195218","G1912","1100","2600"
"1001303051","G0805","2135","2235"
"1001303051","G0817","2235","3391"
